Method,Number of Swaps,Node,Eigenvector Centrality,Betweenness Centrality,Closeness Centrality,Methods
,3330,Staphylococcus_arlettae,2.6519086809300373e-93,0.0,0.0,CM
,3330,Staphylococcus_aureus,0.20702259943951118,0.053386340627932294,0.514247491638796,CM
,3330,Staphylococcus_auricularis,0.03190999200379481,0.0022791987593337023,0.3673196368848543,CM
,3330,Staphylococcus_capitis,0.1567872480040992,0.020394056693430595,0.4514386376981797,CM
,3330,Staphylococcus_caprae,0.0182157169261285,0.0002110604721406431,0.3499317250796541,CM
,3330,Staphylococcus_chromogenes,0.1856804103439608,0.027279227720358085,0.48080050031269544,CM
,3330,Staphylococcus_cohnii,0.13508205994405845,0.027128489134159963,0.4514386376981797,CM
,3330,Staphylococcus_epidermidis,0.21125826286230442,0.06394374365683776,0.5233492171545269,CM
,3330,Staphylococcus_equorum,0.1854386984950023,0.02814011818827797,0.48080050031269544,CM
,3330,Staphylococcus_fleuretti,0.058111169563794744,0.008243519978780596,0.3916454406520632,CM
,3330,Staphylococcus_haemolyticus,0.03435541257817059,0.003020040417689132,0.3628126474752242,CM
,3330,Staphylococcus_hominis,2.6519086809300373e-93,0.0,0.0,CM
,3330,Staphylococcus_hyicus,0.048048693735216155,0.002635680058889672,0.3673196368848543,CM
,3330,Staphylococcus_kloosii,0.15374627813258598,0.018172139054150313,0.43806267806267807,CM
,3330,Staphylococcus_lentus,0.09250565599141052,0.006413319960875808,0.4078514588859417,CM
,3330,Staphylococcus_lugdunensis,0.18693425343769257,0.04207733444851706,0.4969618616677441,CM
,3330,Staphylococcus_nepalensis,2.6519086809300373e-93,0.0,0.0,CM
,3330,Staphylococcus_pasteuri,0.0182157169261285,0.0002110604721406431,0.3499317250796541,CM
,3330,Staphylococcus_pettenkoferi,0.039325836579862924,0.0008033515394980196,0.3584149184149184,CM
,3330,Staphylococcus_pseudintermedius,0.011821938367984187,0.0,0.33411560191221207,CM
,3330,Staphylococcus_saprophyticus,0.013953257839087251,0.0007796287636003969,0.3458389563652722,CM
,3330,Staphylococcus_schleiferi,0.21108534163385512,0.08991358823834339,0.5233492171545269,CM
,3330,Staphylococcus_sciuri,0.21973617526774947,0.04769583932616318,0.5233492171545269,CM
,3330,Staphylococcus_succinus,0.16555897570047326,0.03305116629038223,0.47310769230769234,CM
,3330,Staphylococcus_vitulinus,0.22974307685578466,0.10612753934958037,0.5632234432234433,CM
,3330,Staphylococcus_warneri,0.04426445609290306,0.0012056694280161938,0.3815384615384616,CM
,3330,Staphylococcus_xylosus,0.2196841241146144,0.09621481049782513,0.5425546930134086,CM
,3330,PG-2021_10,0.17608379977515382,0.024810083732040234,0.5011734028683182,CM
,3330,PG-2021_12,0.09297143908054088,0.022434846885679455,0.45491124260355037,CM
,3330,PG-2021_14,0.1384812848532358,0.0060369003888657785,0.4620192307692308,CM
,3330,PG-2021_15,0.12372682830001686,0.017235936724160884,0.46935286935286935,CM
,3330,PG-2021_16,0.14768873844025127,0.007706070093558552,0.46935286935286935,CM
,3330,PG-2021_17,0.17186140487665558,0.0946000698152297,0.528021978021978,CM
,3330,PG-2021_18,0.1369883838731846,0.006427066545530223,0.4620192307692308,CM
,3330,PG-2021_19,0.10987716895574955,0.0075793669866423075,0.44801864801864805,CM
,3330,PG-2021_1,0.08306371161187365,0.0032430452481937177,0.41646803900325025,CM
,3330,PG-2021_22,0.09776913597760185,0.0083803434728244,0.44801864801864805,CM
,3330,PG-2021_23,0.1130204041308062,0.007565338049068357,0.44801864801864805,CM
,3330,PG-2021_27,0.060264803888267326,0.0007643004551335537,0.4106837606837607,CM
,3330,PG-2021_29,0.13367495649388283,0.011287114235138158,0.46935286935286935,CM
,3330,PG-2021_2,0.10279977091255137,0.00981978138501956,0.44133180252583243,CM
,3330,PG-2021_31,0.10068688555522184,0.003083443359946628,0.44133180252583243,CM
,3330,PG-2021_33,0.0986686485363983,0.006805220349953918,0.44801864801864805,CM
,3330,PG-2021_35,0.1073893785300665,0.005796358970483088,0.44801864801864805,CM
,3330,PG-2021_38,0.13968661030804533,0.009000797926874976,0.46935286935286935,CM
,3330,PG-2021_40,0.10609239127972608,0.004085100248545116,0.44133180252583243,CM
,3330,PG-2021_41,0.10692672631591169,0.006526735958295907,0.44133180252583243,CM
,3330,PG-2021_43,0.11351986130622638,0.0042448141034165145,0.434841628959276,CM
,3330,PG-2021_46,0.061102877393044694,0.0015713524794806724,0.4106837606837607,CM
,3330,PG-2021_47,0.14243265037808608,0.008187426850847784,0.46935286935286935,CM
,3330,PG-2021_4,0.031000825085484244,0.0036192853888166697,0.38906882591093117,CM
,3330,PG-2021_5,0.04885775836511336,0.0046915138523713875,0.4050579557428873,CM
,3330,PG-2021_64,0.17609704050999786,0.014083655318592705,0.4928205128205129,CM
,3330,PG-2021_67,0.029640577639033303,0.00013066000836166151,0.37909270216962526,CM
,3330,PG-2021_68,0.027455971896458403,0.0015379949251719436,0.3840159840159841,CM
,3330,PG-2021_74,0.06589147098036353,0.0015952151923585252,0.41646803900325025,CM
,3330,PG-2021_76,0.08216719888690242,0.0019471314399831228,0.4224175824175824,CM
,3330,PG-2021_84,0.1404178012585782,0.018964431169184594,0.4620192307692308,CM
,3330,PG-2021_86,0.15902467756437966,0.02522551655226571,0.4928205128205129,CM
,3330,PG-2021_87,0.15665335318965426,0.01741490940118178,0.4847414880201766,CM
,3330,PG-2021_88,0.042241495795358,0.0026589657375109418,0.3942564102564103,CM
,3330,PG-2021_89,0.014518626262436468,0.0,0.33987621573828475,CM
,3330,PG-2021_8,0.15205776459222245,0.02915281400392225,0.4928205128205129,CM
,3330,PG-2021_90,0.01851556108528772,0.00043596162415173595,0.35201465201465204,CM
,3330,PG-2021_93,0.015110057709943983,0.0,0.3478733031674208,CM
,3330,PG-2021_9,0.17187561553446726,0.05711966189042834,0.5098143236074271,CM
