Method,Iteration,Number of Swaps,Nestedness
Prediction,Prediction,235560,58.191327727576336
CM,Null iteration 1,235560,58.79209449733381
CM,Null iteration 2,235560,58.769289485276836
CM,Null iteration 3,235560,58.78104792113629
CM,Null iteration 4,235560,58.78675714490767
CM,Null iteration 5,235560,58.73829781337069
CM,Null iteration 6,235560,58.77268956515995
CM,Null iteration 7,235560,58.78087853749394
CM,Null iteration 8,235560,58.81638426822699
CM,Null iteration 9,235560,58.82674349297511
CM,Null iteration 10,235560,58.782760125241964
CM,Null iteration 11,235560,58.79835079560739
CM,Null iteration 12,235560,58.80776136108707
CM,Null iteration 13,235560,58.79194969805687
CM,Null iteration 14,235560,58.818230315874345
CM,Null iteration 15,235560,58.81474312962656
CM,Null iteration 16,235560,58.82149366514133
CM,Null iteration 17,235560,58.84436772969288
CM,Null iteration 18,235560,58.73857407526059
CM,Null iteration 19,235560,58.765876120583364
CM,Null iteration 20,235560,58.79782256239085
CM,Null iteration 21,235560,58.80044994127439
CM,Null iteration 22,235560,58.81767599697717
CM,Null iteration 23,235560,58.80946033460461
CM,Null iteration 24,235560,58.86035458978413
CM,Null iteration 25,235560,58.814329046754764
CM,Null iteration 26,235560,58.829225345276825
CM,Null iteration 27,235560,58.784485237813115
CM,Null iteration 28,235560,58.753162731222936
CM,Null iteration 29,235560,58.79067975563552
CM,Null iteration 30,235560,58.761895369463204
CM,Null iteration 31,235560,58.833127890212594
CM,Null iteration 32,235560,58.8117997086149
CM,Null iteration 33,235560,58.76532437684568
CM,Null iteration 34,235560,58.79695022894694
CM,Null iteration 35,235560,58.7554707049256
CM,Null iteration 36,235560,58.83590605111109
CM,Null iteration 37,235560,58.77299100495674
CM,Null iteration 38,235560,58.809347784697955
CM,Null iteration 39,235560,58.818986750838
CM,Null iteration 40,235560,58.764296858722574
CM,Null iteration 41,235560,58.77280039083505
CM,Null iteration 42,235560,58.77868160018386
CM,Null iteration 43,235560,58.811107515909924
CM,Null iteration 44,235560,58.811434073890034
CM,Null iteration 45,235560,58.796382366144144
CM,Null iteration 46,235560,58.76410307986917
CM,Null iteration 47,235560,58.83027468259397
CM,Null iteration 48,235560,58.80649790962666
CM,Null iteration 49,235560,58.86335517080629
CM,Null iteration 50,235560,58.828667043644565
CM,Null iteration 51,235560,58.776725614572364
CM,Null iteration 52,235560,58.7786742375322
CM,Null iteration 53,235560,58.78858924824654
CM,Null iteration 54,235560,58.86404989991537
CM,Null iteration 55,235560,58.8309201886708
CM,Null iteration 56,235560,58.79795330957979
CM,Null iteration 57,235560,58.81993883854179
CM,Null iteration 58,235560,58.824897383498396
CM,Null iteration 59,235560,58.76072165275991
CM,Null iteration 60,235560,58.7577660070447
CM,Null iteration 61,235560,58.78774405390458
CM,Null iteration 62,235560,58.826976358938104
CM,Null iteration 63,235560,58.80842299033624
CM,Null iteration 64,235560,58.7869653753118
CM,Null iteration 65,235560,58.83742146456413
CM,Null iteration 66,235560,58.78105750219109
CM,Null iteration 67,235560,58.86629407538365
CM,Null iteration 68,235560,58.823447869071
CM,Null iteration 69,235560,58.776915706380265
CM,Null iteration 70,235560,58.85538327584426
CM,Null iteration 71,235560,58.80876419634848
CM,Null iteration 72,235560,58.816104856781735
CM,Null iteration 73,235560,58.787525753969206
CM,Null iteration 74,235560,58.79363376356346
CM,Null iteration 75,235560,58.79881146876711
CM,Null iteration 76,235560,58.752161568552
CM,Null iteration 77,235560,58.74573072285865
CM,Null iteration 78,235560,58.740665805409186
CM,Null iteration 79,235560,58.78423760704208
CM,Null iteration 80,235560,58.75735240722716
CM,Null iteration 81,235560,58.82492624775851
CM,Null iteration 82,235560,58.805289028510316
CM,Null iteration 83,235560,58.8127340320022
CM,Null iteration 84,235560,58.722333290336685
CM,Null iteration 85,235560,58.783114008018856
CM,Null iteration 86,235560,58.749623926623734
CM,Null iteration 87,235560,58.82733420023094
CM,Null iteration 88,235560,58.80950825720711
CM,Null iteration 89,235560,58.83349058367381
CM,Null iteration 90,235560,58.76065614282819
CM,Null iteration 91,235560,58.83964287103319
CM,Null iteration 92,235560,58.79621807462388
CM,Null iteration 93,235560,58.80486592481613
CM,Null iteration 94,235560,58.8102092342275
CM,Null iteration 95,235560,58.795260881158235
CM,Null iteration 96,235560,58.81288356372531
CM,Null iteration 97,235560,58.753266532966876
CM,Null iteration 98,235560,58.80605583444307
CM,Null iteration 99,235560,58.813345721860834
CM,Null iteration 100,235560,58.75028442108511
CM,Null iteration 101,235560,58.77851665063872
CM,Null iteration 102,235560,58.8107668563722
CM,Null iteration 103,235560,58.87343213667513
CM,Null iteration 104,235560,58.785627598661634
CM,Null iteration 105,235560,58.84340722663194
CM,Null iteration 106,235560,58.8023775090962
CM,Null iteration 107,235560,58.78646186734441
CM,Null iteration 108,235560,58.7801463564722
CM,Null iteration 109,235560,58.815768935921966
CM,Null iteration 110,235560,58.75446425880117
CM,Null iteration 111,235560,58.78674162986232
CM,Null iteration 112,235560,58.76866234141621
CM,Null iteration 113,235560,58.82496602905509
CM,Null iteration 114,235560,58.79236215573094
CM,Null iteration 115,235560,58.84247065712722
CM,Null iteration 116,235560,58.79064391336107
CM,Null iteration 117,235560,58.84157248954317
CM,Null iteration 118,235560,58.78714999056007
CM,Null iteration 119,235560,58.76856457446766
CM,Null iteration 120,235560,58.77074248926387
CM,Null iteration 121,235560,58.77808124177636
CM,Null iteration 122,235560,58.78086179188669
CM,Null iteration 123,235560,58.78991166236763
CM,Null iteration 124,235560,58.813438630451415
CM,Null iteration 125,235560,58.81660255113441
CM,Null iteration 126,235560,58.78963025119505
CM,Null iteration 127,235560,58.80543486157233
CM,Null iteration 128,235560,58.82626620341313
CM,Null iteration 129,235560,58.765772142419124
CM,Null iteration 130,235560,58.803079509471665
CM,Null iteration 131,235560,58.800409768615
CM,Null iteration 132,235560,58.79650970584375
CM,Null iteration 133,235560,58.87844378999268
CM,Null iteration 134,235560,58.75744240986339
CM,Null iteration 135,235560,58.77783077899818
CM,Null iteration 136,235560,58.77120447742807
CM,Null iteration 137,235560,58.82136928912847
CM,Null iteration 138,235560,58.780927751747804
CM,Null iteration 139,235560,58.833628967298324
CM,Null iteration 140,235560,58.756863694000515
CM,Null iteration 141,235560,58.83330506574836
CM,Null iteration 142,235560,58.80571687544086
CM,Null iteration 143,235560,58.81338055419136
CM,Null iteration 144,235560,58.79067008820361
CM,Null iteration 145,235560,58.80157784037321
CM,Null iteration 146,235560,58.84306637858546
CM,Null iteration 147,235560,58.788816205117044
CM,Null iteration 148,235560,58.78116789416639
CM,Null iteration 149,235560,58.77153398100061
CM,Null iteration 150,235560,58.803985298423115
CM,Null iteration 151,235560,58.802214904301735
CM,Null iteration 152,235560,58.845207134336476
CM,Null iteration 153,235560,58.81232611132098
CM,Null iteration 154,235560,58.80495553290808
CM,Null iteration 155,235560,58.78041517557888
CM,Null iteration 156,235560,58.77278899152983
CM,Null iteration 157,235560,58.80981933680805
CM,Null iteration 158,235560,58.796980855768425
CM,Null iteration 159,235560,58.791011473394235
CM,Null iteration 160,235560,58.84206941623951
CM,Null iteration 161,235560,58.82488958371636
CM,Null iteration 162,235560,58.785750427116206
CM,Null iteration 163,235560,58.814576983370216
CM,Null iteration 164,235560,58.79162869330851
CM,Null iteration 165,235560,58.823508465917634
CM,Null iteration 166,235560,58.77379767845162
CM,Null iteration 167,235560,58.79328691322903
CM,Null iteration 168,235560,58.81373445727532
CM,Null iteration 169,235560,58.773146260263296
CM,Null iteration 170,235560,58.73104667277944
CM,Null iteration 171,235560,58.76075270273859
CM,Null iteration 172,235560,58.785346653174656
CM,Null iteration 173,235560,58.78895541211283
CM,Null iteration 174,235560,58.779515393977846
CM,Null iteration 175,235560,58.767468127723895
CM,Null iteration 176,235560,58.82998356153817
CM,Null iteration 177,235560,58.797713481020004
CM,Null iteration 178,235560,58.77884768834451
CM,Null iteration 179,235560,58.787434693768034
CM,Null iteration 180,235560,58.781200719141026
CM,Null iteration 181,235560,58.77922124679726
CM,Null iteration 182,235560,58.79917906063527
CM,Null iteration 183,235560,58.83712282900253
CM,Null iteration 184,235560,58.849015673136705
CM,Null iteration 185,235560,58.84157201655849
CM,Null iteration 186,235560,58.766626564208316
CM,Null iteration 187,235560,58.79787957543199
CM,Null iteration 188,235560,58.7978783562746
CM,Null iteration 189,235560,58.80658835955529
CM,Null iteration 190,235560,58.822750440156206
CM,Null iteration 191,235560,58.832914690451666
CM,Null iteration 192,235560,58.803706897836776
CM,Null iteration 193,235560,58.768572527118366
CM,Null iteration 194,235560,58.803077946187074
CM,Null iteration 195,235560,58.80355697695734
CM,Null iteration 196,235560,58.81445938286191
CM,Null iteration 197,235560,58.749834997918015
CM,Null iteration 198,235560,58.79633472435488
CM,Null iteration 199,235560,58.727448120806095
CM,Null iteration 200,235560,58.73105545310309
CM,Null iteration 201,235560,58.72730578006983
CM,Null iteration 202,235560,58.80570948770937
CM,Null iteration 203,235560,58.82091726532136
CM,Null iteration 204,235560,58.81985305050106
CM,Null iteration 205,235560,58.803403263378854
CM,Null iteration 206,235560,58.762397439719756
CM,Null iteration 207,235560,58.8112915458002
CM,Null iteration 208,235560,58.81454165436742
CM,Null iteration 209,235560,58.82040477701467
CM,Null iteration 210,235560,58.81767179363799
CM,Null iteration 211,235560,58.8035355939164
CM,Null iteration 212,235560,58.7567695859756
CM,Null iteration 213,235560,58.787041408938904
CM,Null iteration 214,235560,58.812558139091266
CM,Null iteration 215,235560,58.79812340503946
CM,Null iteration 216,235560,58.847858523650814
CM,Null iteration 217,235560,58.78900390878634
CM,Null iteration 218,235560,58.79884897994644
CM,Null iteration 219,235560,58.76431006910901
CM,Null iteration 220,235560,58.79571549306921
CM,Null iteration 221,235560,58.81230129109634
CM,Null iteration 222,235560,58.80359639961196
CM,Null iteration 223,235560,58.800889962889286
CM,Null iteration 224,235560,58.76324053458549
CM,Null iteration 225,235560,58.78844299681544
CM,Null iteration 226,235560,58.800643763551435
CM,Null iteration 227,235560,58.7845287123029
CM,Null iteration 228,235560,58.7566803582407
CM,Null iteration 229,235560,58.78989470396354
CM,Null iteration 230,235560,58.789750629033094
CM,Null iteration 231,235560,58.793242124610664
CM,Null iteration 232,235560,58.80620761558397
CM,Null iteration 233,235560,58.84964221193056
CM,Null iteration 234,235560,58.82020230977845
CM,Null iteration 235,235560,58.756750663668
CM,Null iteration 236,235560,58.69877222023632
CM,Null iteration 237,235560,58.75725517360708
CM,Null iteration 238,235560,58.747605326523505
CM,Null iteration 239,235560,58.77760653795106
CM,Null iteration 240,235560,58.82888552853533
CM,Null iteration 241,235560,58.85796010770716
CM,Null iteration 242,235560,58.785560984485016
CM,Null iteration 243,235560,58.76097993551264
CM,Null iteration 244,235560,58.865732044120435
CM,Null iteration 245,235560,58.79870549833204
CM,Null iteration 246,235560,58.823284693982565
CM,Null iteration 247,235560,58.78764258103472
CM,Null iteration 248,235560,58.79392881023814
CM,Null iteration 249,235560,58.760696851212515
CM,Null iteration 250,235560,58.81546718500027
CM,Null iteration 251,235560,58.81696521211079
CM,Null iteration 252,235560,58.8539216719191
CM,Null iteration 253,235560,58.83555829975537
CM,Null iteration 254,235560,58.80291463381144
CM,Null iteration 255,235560,58.81103068382667
CM,Null iteration 256,235560,58.70828166708413
CM,Null iteration 257,235560,58.81581713393549
CM,Null iteration 258,235560,58.83281877476243
CM,Null iteration 259,235560,58.848688322203856
CM,Null iteration 260,235560,58.75814121143048
CM,Null iteration 261,235560,58.745292795395656
CM,Null iteration 262,235560,58.774820406739366
CM,Null iteration 263,235560,58.82899700179898
CM,Null iteration 264,235560,58.811842651636695
CM,Null iteration 265,235560,58.79443913073165
CM,Null iteration 266,235560,58.80740594428871
CM,Null iteration 267,235560,58.805247546610474
CM,Null iteration 268,235560,58.756789394982746
CM,Null iteration 269,235560,58.75246313677573
CM,Null iteration 270,235560,58.74918282332307
CM,Null iteration 271,235560,58.79129548014933
CM,Null iteration 272,235560,58.79522826409459
CM,Null iteration 273,235560,58.79758029745922
CM,Null iteration 274,235560,58.788323528807055
CM,Null iteration 275,235560,58.755578770916614
CM,Null iteration 276,235560,58.769382437158484
CM,Null iteration 277,235560,58.78750310210506
CM,Null iteration 278,235560,58.773529504277505
CM,Null iteration 279,235560,58.805581758536846
CM,Null iteration 280,235560,58.78999138702106
CM,Null iteration 281,235560,58.79444089034218
CM,Null iteration 282,235560,58.754012698287866
CM,Null iteration 283,235560,58.78575953651485
CM,Null iteration 284,235560,58.78619362686077
CM,Null iteration 285,235560,58.784694712729134
CM,Null iteration 286,235560,58.807459469028345
CM,Null iteration 287,235560,58.78969147119074
CM,Null iteration 288,235560,58.788654893966665
CM,Null iteration 289,235560,58.72958490382963
CM,Null iteration 290,235560,58.79801074503511
CM,Null iteration 291,235560,58.811201368962784
CM,Null iteration 292,235560,58.79894943614802
CM,Null iteration 293,235560,58.78700594865941
CM,Null iteration 294,235560,58.7730621911584
CM,Null iteration 295,235560,58.84173996535189
CM,Null iteration 296,235560,58.73983497466311
CM,Null iteration 297,235560,58.83678432642502
CM,Null iteration 298,235560,58.7853413781837
CM,Null iteration 299,235560,58.834005770104255
CM,Null iteration 300,235560,58.81208444488722
CM,Null iteration 301,235560,58.806234362623805
CM,Null iteration 302,235560,58.790708511627095
CM,Null iteration 303,235560,58.82107002868331
CM,Null iteration 304,235560,58.76257634012768
CM,Null iteration 305,235560,58.86724464392044
CM,Null iteration 306,235560,58.77980792651253
CM,Null iteration 307,235560,58.788986946330105
CM,Null iteration 308,235560,58.77855226768659
CM,Null iteration 309,235560,58.79335697928025
CM,Null iteration 310,235560,58.79804270901161
CM,Null iteration 311,235560,58.7570800426493
CM,Null iteration 312,235560,58.83936661996734
CM,Null iteration 313,235560,58.84115298754631
CM,Null iteration 314,235560,58.743492842087804
CM,Null iteration 315,235560,58.790353144609405
CM,Null iteration 316,235560,58.805524855995436
CM,Null iteration 317,235560,58.809387191656
CM,Null iteration 318,235560,58.786620408285906
CM,Null iteration 319,235560,58.76119803126565
CM,Null iteration 320,235560,58.81343867261879
CM,Null iteration 321,235560,58.77013477039512
CM,Null iteration 322,235560,58.772361648724136
CM,Null iteration 323,235560,58.81183881284322
CM,Null iteration 324,235560,58.82584067992063
CM,Null iteration 325,235560,58.85232153527211
CM,Null iteration 326,235560,58.815283429213835
CM,Null iteration 327,235560,58.80235636337322
CM,Null iteration 328,235560,58.82957056567359
CM,Null iteration 329,235560,58.772609244752886
CM,Null iteration 330,235560,58.77512113772053
CM,Null iteration 331,235560,58.78059772603446
CM,Null iteration 332,235560,58.80003698233818
CM,Null iteration 333,235560,58.7489412490503
CM,Null iteration 334,235560,58.80922946837487
CM,Null iteration 335,235560,58.775438703164625
CM,Null iteration 336,235560,58.78533404426011
CM,Null iteration 337,235560,58.86088746575043
CM,Null iteration 338,235560,58.805861602699096
CM,Null iteration 339,235560,58.80417748641909
CM,Null iteration 340,235560,58.732107050002725
CM,Null iteration 341,235560,58.770609984289564
CM,Null iteration 342,235560,58.75343870798686
CM,Null iteration 343,235560,58.78553846999931
CM,Null iteration 344,235560,58.776379326366836
CM,Null iteration 345,235560,58.798879445611234
CM,Null iteration 346,235560,58.83204536307858
CM,Null iteration 347,235560,58.846529255954884
CM,Null iteration 348,235560,58.768318300141416
CM,Null iteration 349,235560,58.76034549337244
CM,Null iteration 350,235560,58.7987727018747
CM,Null iteration 351,235560,58.75306096219204
CM,Null iteration 352,235560,58.80680169186735
CM,Null iteration 353,235560,58.75148049720302
CM,Null iteration 354,235560,58.76818609925539
CM,Null iteration 355,235560,58.755542476497
CM,Null iteration 356,235560,58.80198997135251
CM,Null iteration 357,235560,58.816096387577545
CM,Null iteration 358,235560,58.79078939530376
CM,Null iteration 359,235560,58.785788066305045
CM,Null iteration 360,235560,58.749700910927785
CM,Null iteration 361,235560,58.81588161640161
CM,Null iteration 362,235560,58.79157187890987
CM,Null iteration 363,235560,58.82889803811068
CM,Null iteration 364,235560,58.83265141142269
CM,Null iteration 365,235560,58.7790111053495
CM,Null iteration 366,235560,58.754703817068574
CM,Null iteration 367,235560,58.800831711753446
CM,Null iteration 368,235560,58.805078105418545
CM,Null iteration 369,235560,58.838748535716405
CM,Null iteration 370,235560,58.77268260797376
CM,Null iteration 371,235560,58.774807815136995
CM,Null iteration 372,235560,58.80123601122715
CM,Null iteration 373,235560,58.776519151151916
CM,Null iteration 374,235560,58.765595315701844
CM,Null iteration 375,235560,58.792663680301985
CM,Null iteration 376,235560,58.76819315173933
CM,Null iteration 377,235560,58.81468682408263
CM,Null iteration 378,235560,58.86426557419457
CM,Null iteration 379,235560,58.77418152432561
CM,Null iteration 380,235560,58.78496695195709
CM,Null iteration 381,235560,58.864077494118945
CM,Null iteration 382,235560,58.7506507616616
CM,Null iteration 383,235560,58.78491097422681
CM,Null iteration 384,235560,58.748631283330994
CM,Null iteration 385,235560,58.742101775545414
CM,Null iteration 386,235560,58.8245614621776
CM,Null iteration 387,235560,58.799941970379685
CM,Null iteration 388,235560,58.828075434035114
CM,Null iteration 389,235560,58.83335659380947
CM,Null iteration 390,235560,58.78055281965494
CM,Null iteration 391,235560,58.72567807386241
CM,Null iteration 392,235560,58.836806615857256
CM,Null iteration 393,235560,58.80626318503897
CM,Null iteration 394,235560,58.84133923116501
CM,Null iteration 395,235560,58.807354550917715
CM,Null iteration 396,235560,58.80129236436653
CM,Null iteration 397,235560,58.773513844180826
CM,Null iteration 398,235560,58.764204539478854
CM,Null iteration 399,235560,58.839298693972424
CM,Null iteration 400,235560,58.783566599212136
CM,Null iteration 401,235560,58.81662537426256
CM,Null iteration 402,235560,58.812109947874404
CM,Null iteration 403,235560,58.792804245193295
CM,Null iteration 404,235560,58.819912147680455
CM,Null iteration 405,235560,58.81384910156051
CM,Null iteration 406,235560,58.8622436012072
CM,Null iteration 407,235560,58.82475173255436
CM,Null iteration 408,235560,58.78381887727047
CM,Null iteration 409,235560,58.82146275843279
CM,Null iteration 410,235560,58.779895338307405
CM,Null iteration 411,235560,58.828344206348106
CM,Null iteration 412,235560,58.79792565773137
CM,Null iteration 413,235560,58.80197381245222
CM,Null iteration 414,235560,58.76574331930337
CM,Null iteration 415,235560,58.79987322559325
CM,Null iteration 416,235560,58.77418008858291
CM,Null iteration 417,235560,58.79316757261684
CM,Null iteration 418,235560,58.781242596241626
CM,Null iteration 419,235560,58.82947495886981
CM,Null iteration 420,235560,58.79932662092436
CM,Null iteration 421,235560,58.76028380614233
CM,Null iteration 422,235560,58.736919893503725
CM,Null iteration 423,235560,58.85067208654073
CM,Null iteration 424,235560,58.79027709771371
CM,Null iteration 425,235560,58.85188840119515
CM,Null iteration 426,235560,58.779455076500625
CM,Null iteration 427,235560,58.747227455841525
CM,Null iteration 428,235560,58.795241638277844
CM,Null iteration 429,235560,58.82346904308746
CM,Null iteration 430,235560,58.81641610406925
CM,Null iteration 431,235560,58.82459484618562
CM,Null iteration 432,235560,58.8818869910804
CM,Null iteration 433,235560,58.824345993717586
CM,Null iteration 434,235560,58.754875177483136
CM,Null iteration 435,235560,58.80464051970873
CM,Null iteration 436,235560,58.77253002589789
CM,Null iteration 437,235560,58.734490764298826
CM,Null iteration 438,235560,58.74410965822378
CM,Null iteration 439,235560,58.77143765205088
CM,Null iteration 440,235560,58.75877031502682
CM,Null iteration 441,235560,58.82431800181435
CM,Null iteration 442,235560,58.8224806709626
CM,Null iteration 443,235560,58.80412917165775
CM,Null iteration 444,235560,58.74982234971236
CM,Null iteration 445,235560,58.814818726615144
CM,Null iteration 446,235560,58.793304971455754
CM,Null iteration 447,235560,58.78515054529517
CM,Null iteration 448,235560,58.75333912095699
CM,Null iteration 449,235560,58.77670588508596
CM,Null iteration 450,235560,58.75571365648145
CM,Null iteration 451,235560,58.794608524043426
CM,Null iteration 452,235560,58.72918985126941
CM,Null iteration 453,235560,58.768664967438085
CM,Null iteration 454,235560,58.79690415529713
CM,Null iteration 455,235560,58.77179314690822
CM,Null iteration 456,235560,58.739023109057186
CM,Null iteration 457,235560,58.76923153100876
CM,Null iteration 458,235560,58.788119328159254
CM,Null iteration 459,235560,58.771395734923445
CM,Null iteration 460,235560,58.79893691886572
CM,Null iteration 461,235560,58.78862754241743
CM,Null iteration 462,235560,58.782580080811215
CM,Null iteration 463,235560,58.77500893415348
CM,Null iteration 464,235560,58.80479488319688
CM,Null iteration 465,235560,58.82950371251523
CM,Null iteration 466,235560,58.8279699464247
CM,Null iteration 467,235560,58.807934039190805
CM,Null iteration 468,235560,58.81072882590077
CM,Null iteration 469,235560,58.82382000220342
CM,Null iteration 470,235560,58.7624556174207
CM,Null iteration 471,235560,58.81626526805511
CM,Null iteration 472,235560,58.80404602909991
CM,Null iteration 473,235560,58.85319379447897
CM,Null iteration 474,235560,58.85498889022977
CM,Null iteration 475,235560,58.780193335715055
CM,Null iteration 476,235560,58.81142455434883
CM,Null iteration 477,235560,58.789858449699054
CM,Null iteration 478,235560,58.79835695379269
CM,Null iteration 479,235560,58.829769762737016
CM,Null iteration 480,235560,58.83788486420619
CM,Null iteration 481,235560,58.732332240863975
CM,Null iteration 482,235560,58.78559540973808
CM,Null iteration 483,235560,58.78424337562166
CM,Null iteration 484,235560,58.78626323711819
CM,Null iteration 485,235560,58.797203696425896
CM,Null iteration 486,235560,58.82218837166574
CM,Null iteration 487,235560,58.77996831085542
CM,Null iteration 488,235560,58.76305698515061
CM,Null iteration 489,235560,58.80403150252167
CM,Null iteration 490,235560,58.79030732950024
CM,Null iteration 491,235560,58.802466343492284
CM,Null iteration 492,235560,58.80479238676884
CM,Null iteration 493,235560,58.7837519355688
CM,Null iteration 494,235560,58.78473880441216
CM,Null iteration 495,235560,58.82589115858617
CM,Null iteration 496,235560,58.77392213705959
CM,Null iteration 497,235560,58.75226244061427
CM,Null iteration 498,235560,58.81710477798
CM,Null iteration 499,235560,58.77064348894012
CM,Null iteration 500,235560,58.81874494082576
CM,Null iteration 501,235560,58.85556948227701
CM,Null iteration 502,235560,58.823191940709464
CM,Null iteration 503,235560,58.755163014869396
CM,Null iteration 504,235560,58.76107177275707
CM,Null iteration 505,235560,58.77636804927344
CM,Null iteration 506,235560,58.826494967059645
CM,Null iteration 507,235560,58.77266449508055
CM,Null iteration 508,235560,58.7344277377818
CM,Null iteration 509,235560,58.851425847935175
CM,Null iteration 510,235560,58.834258036587485
CM,Null iteration 511,235560,58.773209359416065
CM,Null iteration 512,235560,58.75701757420789
CM,Null iteration 513,235560,58.775110434741194
CM,Null iteration 514,235560,58.78558398535259
CM,Null iteration 515,235560,58.83390887822955
CM,Null iteration 516,235560,58.84870161945224
CM,Null iteration 517,235560,58.7945830715546
CM,Null iteration 518,235560,58.8162162633071
CM,Null iteration 519,235560,58.82946019318013
CM,Null iteration 520,235560,58.83936838831153
CM,Null iteration 521,235560,58.801985244848105
CM,Null iteration 522,235560,58.82759600042134
CM,Null iteration 523,235560,58.74956441163226
CM,Null iteration 524,235560,58.843762517417204
CM,Null iteration 525,235560,58.753850640571216
CM,Null iteration 526,235560,58.83474152868651
CM,Null iteration 527,235560,58.817343385374635
CM,Null iteration 528,235560,58.82846033738177
CM,Null iteration 529,235560,58.818352156891976
CM,Null iteration 530,235560,58.7557919728219
CM,Null iteration 531,235560,58.81200500327501
CM,Null iteration 532,235560,58.8186639909495
CM,Null iteration 533,235560,58.79947460211232
CM,Null iteration 534,235560,58.74999029898578
CM,Null iteration 535,235560,58.81966275321102
CM,Null iteration 536,235560,58.79736843975216
CM,Null iteration 537,235560,58.77329045969687
CM,Null iteration 538,235560,58.78147166323916
CM,Null iteration 539,235560,58.76966372102374
CM,Null iteration 540,235560,58.805812397800906
CM,Null iteration 541,235560,58.7616620565679
CM,Null iteration 542,235560,58.72654012543332
CM,Null iteration 543,235560,58.83924157169442
CM,Null iteration 544,235560,58.78925334439711
CM,Null iteration 545,235560,58.82162113766766
CM,Null iteration 546,235560,58.7698228777858
CM,Null iteration 547,235560,58.82767187442312
CM,Null iteration 548,235560,58.80751716743828
CM,Null iteration 549,235560,58.816637713629206
CM,Null iteration 550,235560,58.78915685619251
CM,Null iteration 551,235560,58.87654742280422
CM,Null iteration 552,235560,58.84052538898702
CM,Null iteration 553,235560,58.77843017447405
CM,Null iteration 554,235560,58.7679598009225
CM,Null iteration 555,235560,58.795377543959574
CM,Null iteration 556,235560,58.87897196861618
CM,Null iteration 557,235560,58.877376090051705
CM,Null iteration 558,235560,58.774669464637626
CM,Null iteration 559,235560,58.76216708054532
CM,Null iteration 560,235560,58.760715553107616
CM,Null iteration 561,235560,58.76405960512405
CM,Null iteration 562,235560,58.85271084885399
CM,Null iteration 563,235560,58.79757597112446
CM,Null iteration 564,235560,58.860833851888515
CM,Null iteration 565,235560,58.77168297040974
CM,Null iteration 566,235560,58.81635765929494
CM,Null iteration 567,235560,58.74638818616609
CM,Null iteration 568,235560,58.791295543670316
CM,Null iteration 569,235560,58.78519758233725
CM,Null iteration 570,235560,58.76209177075722
CM,Null iteration 571,235560,58.839687249569494
CM,Null iteration 572,235560,58.77642025044979
CM,Null iteration 573,235560,58.759410027644336
CM,Null iteration 574,235560,58.829783626161394
CM,Null iteration 575,235560,58.815388953124
CM,Null iteration 576,235560,58.83866045669775
CM,Null iteration 577,235560,58.82828217964064
CM,Null iteration 578,235560,58.74387077061314
CM,Null iteration 579,235560,58.79768632954127
CM,Null iteration 580,235560,58.79906579295158
CM,Null iteration 581,235560,58.80623688376368
CM,Null iteration 582,235560,58.80389322756177
CM,Null iteration 583,235560,58.79129201576238
CM,Null iteration 584,235560,58.781538982695864
CM,Null iteration 585,235560,58.761895026236296
CM,Null iteration 586,235560,58.803095103989975
CM,Null iteration 587,235560,58.82861213146067
CM,Null iteration 588,235560,58.76364744433127
CM,Null iteration 589,235560,58.80736565309205
CM,Null iteration 590,235560,58.759125077113026
CM,Null iteration 591,235560,58.813833065630206
CM,Null iteration 592,235560,58.78936311618857
CM,Null iteration 593,235560,58.74344184780283
CM,Null iteration 594,235560,58.863871596213365
CM,Null iteration 595,235560,58.835923193591725
CM,Null iteration 596,235560,58.76271888356768
CM,Null iteration 597,235560,58.76925735559262
CM,Null iteration 598,235560,58.835261147625005
CM,Null iteration 599,235560,58.76065560585495
CM,Null iteration 600,235560,58.802806431862635
CM,Null iteration 601,235560,58.792186502326985
CM,Null iteration 602,235560,58.820445689753
CM,Null iteration 603,235560,58.79684395009524
CM,Null iteration 604,235560,58.83969744847333
CM,Null iteration 605,235560,58.82886006909584
CM,Null iteration 606,235560,58.833438370487364
CM,Null iteration 607,235560,58.771062666120855
CM,Null iteration 608,235560,58.831187469663696
CM,Null iteration 609,235560,58.80437822982087
CM,Null iteration 610,235560,58.830695390643754
CM,Null iteration 611,235560,58.8165132771776
CM,Null iteration 612,235560,58.829829701110135
CM,Null iteration 613,235560,58.78018374253074
CM,Null iteration 614,235560,58.83063205169836
CM,Null iteration 615,235560,58.78192600451359
CM,Null iteration 616,235560,58.76566412572985
CM,Null iteration 617,235560,58.83526628055806
CM,Null iteration 618,235560,58.78279814618128
CM,Null iteration 619,235560,58.767205850776364
CM,Null iteration 620,235560,58.765182655682636
CM,Null iteration 621,235560,58.85308271299329
CM,Null iteration 622,235560,58.81187955174375
CM,Null iteration 623,235560,58.758443973763974
CM,Null iteration 624,235560,58.792121646129495
CM,Null iteration 625,235560,58.75473168759581
CM,Null iteration 626,235560,58.72591558540728
CM,Null iteration 627,235560,58.81670852016406
CM,Null iteration 628,235560,58.80531023228105
CM,Null iteration 629,235560,58.75929659710598
CM,Null iteration 630,235560,58.79086622514058
CM,Null iteration 631,235560,58.80487112196254
CM,Null iteration 632,235560,58.772260900995036
CM,Null iteration 633,235560,58.7866964109313
CM,Null iteration 634,235560,58.78892150048024
CM,Null iteration 635,235560,58.827197577256506
CM,Null iteration 636,235560,58.81277858900128
CM,Null iteration 637,235560,58.802998927679226
CM,Null iteration 638,235560,58.74703105994982
CM,Null iteration 639,235560,58.7935735870077
CM,Null iteration 640,235560,58.751426490225555
CM,Null iteration 641,235560,58.770176456810866
CM,Null iteration 642,235560,58.80044721754167
CM,Null iteration 643,235560,58.78801423684643
CM,Null iteration 644,235560,58.78525346479432
CM,Null iteration 645,235560,58.77871003385833
CM,Null iteration 646,235560,58.79488617042779
CM,Null iteration 647,235560,58.799917738165846
CM,Null iteration 648,235560,58.78019512853467
CM,Null iteration 649,235560,58.830452573776704
CM,Null iteration 650,235560,58.84520953001305
CM,Null iteration 651,235560,58.778503602221534
CM,Null iteration 652,235560,58.86003977468023
CM,Null iteration 653,235560,58.83857981760336
CM,Null iteration 654,235560,58.781711249264134
CM,Null iteration 655,235560,58.71452561376646
CM,Null iteration 656,235560,58.75165612928343
CM,Null iteration 657,235560,58.79921228324493
CM,Null iteration 658,235560,58.819508304803136
CM,Null iteration 659,235560,58.84882399468516
CM,Null iteration 660,235560,58.81348121609875
CM,Null iteration 661,235560,58.81433335235407
CM,Null iteration 662,235560,58.79551491304653
CM,Null iteration 663,235560,58.78235847405898
CM,Null iteration 664,235560,58.806734844042325
CM,Null iteration 665,235560,58.769842086594934
CM,Null iteration 666,235560,58.81805140117057
CM,Null iteration 667,235560,58.81290969841128
CM,Null iteration 668,235560,58.830343739669466
CM,Null iteration 669,235560,58.75497068404002
CM,Null iteration 670,235560,58.81372235335897
CM,Null iteration 671,235560,58.78722741519914
CM,Null iteration 672,235560,58.7711560216213
CM,Null iteration 673,235560,58.74213452145513
CM,Null iteration 674,235560,58.79457337688994
CM,Null iteration 675,235560,58.79936618462795
CM,Null iteration 676,235560,58.84538310806699
CM,Null iteration 677,235560,58.74849179223026
CM,Null iteration 678,235560,58.80981964609626
CM,Null iteration 679,235560,58.82172371302666
CM,Null iteration 680,235560,58.77898594256812
CM,Null iteration 681,235560,58.80755395227074
CM,Null iteration 682,235560,58.78754981839361
CM,Null iteration 683,235560,58.75355310539277
CM,Null iteration 684,235560,58.77636842942718
CM,Null iteration 685,235560,58.789111774077085
CM,Null iteration 686,235560,58.795714465927254
CM,Null iteration 687,235560,58.81811400724993
CM,Null iteration 688,235560,58.85081211923101
CM,Null iteration 689,235560,58.80100298994392
CM,Null iteration 690,235560,58.795310438013956
CM,Null iteration 691,235560,58.78871055786419
CM,Null iteration 692,235560,58.823181808850975
CM,Null iteration 693,235560,58.824622989199305
CM,Null iteration 694,235560,58.73137682372966
CM,Null iteration 695,235560,58.79574281610512
CM,Null iteration 696,235560,58.802853452482154
CM,Null iteration 697,235560,58.79553078326328
CM,Null iteration 698,235560,58.760195009179256
CM,Null iteration 699,235560,58.81601441395499
CM,Null iteration 700,235560,58.808259371479664
CM,Null iteration 701,235560,58.81057304104614
CM,Null iteration 702,235560,58.74031278991561
CM,Null iteration 703,235560,58.81750800168342
CM,Null iteration 704,235560,58.769329911211344
CM,Null iteration 705,235560,58.82465215106197
CM,Null iteration 706,235560,58.778642773175356
CM,Null iteration 707,235560,58.79412415467602
CM,Null iteration 708,235560,58.83460920431103
CM,Null iteration 709,235560,58.849676257146065
CM,Null iteration 710,235560,58.81505995301883
CM,Null iteration 711,235560,58.86422962418199
CM,Null iteration 712,235560,58.8020399575867
CM,Null iteration 713,235560,58.81232973680435
CM,Null iteration 714,235560,58.73020338200725
CM,Null iteration 715,235560,58.80819807350714
CM,Null iteration 716,235560,58.79365999185512
CM,Null iteration 717,235560,58.832177296228636
CM,Null iteration 718,235560,58.78270965461505
CM,Null iteration 719,235560,58.83378477431334
CM,Null iteration 720,235560,58.788367944644094
CM,Null iteration 721,235560,58.76043161598055
CM,Null iteration 722,235560,58.787321650216256
CM,Null iteration 723,235560,58.85326577051357
CM,Null iteration 724,235560,58.79568679642269
CM,Null iteration 725,235560,58.79394649681373
CM,Null iteration 726,235560,58.8357385730047
CM,Null iteration 727,235560,58.81861749005815
CM,Null iteration 728,235560,58.754787546200866
CM,Null iteration 729,235560,58.7589310296172
CM,Null iteration 730,235560,58.80525076569813
CM,Null iteration 731,235560,58.773774629907116
CM,Null iteration 732,235560,58.770254756801904
CM,Null iteration 733,235560,58.79613868920457
CM,Null iteration 734,235560,58.692012692450994
CM,Null iteration 735,235560,58.774026193755724
CM,Null iteration 736,235560,58.869855381626934
CM,Null iteration 737,235560,58.82132266968446
CM,Null iteration 738,235560,58.763023276062526
CM,Null iteration 739,235560,58.79772631255831
CM,Null iteration 740,235560,58.77181336251068
CM,Null iteration 741,235560,58.79148170941354
CM,Null iteration 742,235560,58.81905609257042
CM,Null iteration 743,235560,58.843592744571495
CM,Null iteration 744,235560,58.79651094704688
CM,Null iteration 745,235560,58.84987909035347
CM,Null iteration 746,235560,58.800678780306896
CM,Null iteration 747,235560,58.79336396399623
CM,Null iteration 748,235560,58.81798028730636
CM,Null iteration 749,235560,58.79277584546328
CM,Null iteration 750,235560,58.82790760848309
CM,Null iteration 751,235560,58.82249400915166
CM,Null iteration 752,235560,58.77317660911166
CM,Null iteration 753,235560,58.817002676454464
CM,Null iteration 754,235560,58.82560542320789
CM,Null iteration 755,235560,58.79752229120702
CM,Null iteration 756,235560,58.78238868585148
CM,Null iteration 757,235560,58.83227686286557
CM,Null iteration 758,235560,58.81070744032081
CM,Null iteration 759,235560,58.82925677557798
CM,Null iteration 760,235560,58.82217111877069
CM,Null iteration 761,235560,58.79349334164963
CM,Null iteration 762,235560,58.83115930920626
CM,Null iteration 763,235560,58.77665083215906
CM,Null iteration 764,235560,58.796505352157936
CM,Null iteration 765,235560,58.82265389520528
CM,Null iteration 766,235560,58.83578161857409
CM,Null iteration 767,235560,58.76255538904158
CM,Null iteration 768,235560,58.79539755791407
CM,Null iteration 769,235560,58.84818123170078
CM,Null iteration 770,235560,58.79738284415935
CM,Null iteration 771,235560,58.78144946657179
CM,Null iteration 772,235560,58.76028252042999
CM,Null iteration 773,235560,58.788701589791586
CM,Null iteration 774,235560,58.79291578186383
CM,Null iteration 775,235560,58.77118902119674
CM,Null iteration 776,235560,58.78350833994879
CM,Null iteration 777,235560,58.78286935271896
CM,Null iteration 778,235560,58.78532872943734
CM,Null iteration 779,235560,58.79168410065497
CM,Null iteration 780,235560,58.801427707391596
CM,Null iteration 781,235560,58.81806182294514
CM,Null iteration 782,235560,58.69941962146859
CM,Null iteration 783,235560,58.80919590346188
CM,Null iteration 784,235560,58.81871802991451
CM,Null iteration 785,235560,58.825270910153506
CM,Null iteration 786,235560,58.810169614864506
CM,Null iteration 787,235560,58.713008574205226
CM,Null iteration 788,235560,58.80344809481214
CM,Null iteration 789,235560,58.81687000631823
CM,Null iteration 790,235560,58.79849167167029
CM,Null iteration 791,235560,58.772341057897286
CM,Null iteration 792,235560,58.78640633349596
CM,Null iteration 793,235560,58.775700405630545
CM,Null iteration 794,235560,58.78136673160041
CM,Null iteration 795,235560,58.8642081808222
CM,Null iteration 796,235560,58.731358488033095
CM,Null iteration 797,235560,58.81459836679777
CM,Null iteration 798,235560,58.78736394200698
CM,Null iteration 799,235560,58.7504640244924
CM,Null iteration 800,235560,58.76906262440721
CM,Null iteration 801,235560,58.78546041808737
CM,Null iteration 802,235560,58.80258433142923
CM,Null iteration 803,235560,58.76421773373529
CM,Null iteration 804,235560,58.864677655531
CM,Null iteration 805,235560,58.753767853104065
CM,Null iteration 806,235560,58.80931139548056
CM,Null iteration 807,235560,58.79845305693094
CM,Null iteration 808,235560,58.73823190962556
CM,Null iteration 809,235560,58.767339360531906
CM,Null iteration 810,235560,58.79064803278712
CM,Null iteration 811,235560,58.825812707834515
CM,Null iteration 812,235560,58.8411770630425
CM,Null iteration 813,235560,58.77318201253689
CM,Null iteration 814,235560,58.808515162793455
CM,Null iteration 815,235560,58.7784597077313
CM,Null iteration 816,235560,58.76591279271605
CM,Null iteration 817,235560,58.77111659139625
CM,Null iteration 818,235560,58.73990830444511
CM,Null iteration 819,235560,58.79649922940962
CM,Null iteration 820,235560,58.799725981981936
CM,Null iteration 821,235560,58.88985491097014
CM,Null iteration 822,235560,58.8024814798618
CM,Null iteration 823,235560,58.76004486305961
CM,Null iteration 824,235560,58.8242824330096
CM,Null iteration 825,235560,58.80090559559034
CM,Null iteration 826,235560,58.817507721469795
CM,Null iteration 827,235560,58.80349168944254
CM,Null iteration 828,235560,58.77046151727231
CM,Null iteration 829,235560,58.7939990499415
CM,Null iteration 830,235560,58.785266832722925
CM,Null iteration 831,235560,58.85757941026692
CM,Null iteration 832,235560,58.835823877183856
CM,Null iteration 833,235560,58.78860509792415
CM,Null iteration 834,235560,58.78046212598204
CM,Null iteration 835,235560,58.73984121593328
CM,Null iteration 836,235560,58.73697842343397
CM,Null iteration 837,235560,58.77216417805387
CM,Null iteration 838,235560,58.75980184500989
CM,Null iteration 839,235560,58.754630894349646
CM,Null iteration 840,235560,58.77852526222746
CM,Null iteration 841,235560,58.812859816061064
CM,Null iteration 842,235560,58.81657235398663
CM,Null iteration 843,235560,58.86514756853423
CM,Null iteration 844,235560,58.779139863828405
CM,Null iteration 845,235560,58.80616371002601
CM,Null iteration 846,235560,58.84126706281931
CM,Null iteration 847,235560,58.76177856356385
CM,Null iteration 848,235560,58.75648774599945
CM,Null iteration 849,235560,58.78838340968623
CM,Null iteration 850,235560,58.78709125369495
CM,Null iteration 851,235560,58.79558707866316
CM,Null iteration 852,235560,58.83964338743995
CM,Null iteration 853,235560,58.84775110718681
CM,Null iteration 854,235560,58.76266045596071
CM,Null iteration 855,235560,58.80112141948872
CM,Null iteration 856,235560,58.791030576753585
CM,Null iteration 857,235560,58.8303993758823
CM,Null iteration 858,235560,58.829690679486184
CM,Null iteration 859,235560,58.786895729706046
CM,Null iteration 860,235560,58.816656107511356
CM,Null iteration 861,235560,58.774233537212524
CM,Null iteration 862,235560,58.769383044849256
CM,Null iteration 863,235560,58.775899432449165
CM,Null iteration 864,235560,58.80082476093904
CM,Null iteration 865,235560,58.77504245575667
CM,Null iteration 866,235560,58.822199837011226
CM,Null iteration 867,235560,58.79148218566272
CM,Null iteration 868,235560,58.78595565129088
CM,Null iteration 869,235560,58.824074536577605
CM,Null iteration 870,235560,58.84961325551908
CM,Null iteration 871,235560,58.703546942401715
CM,Null iteration 872,235560,58.813725584892104
CM,Null iteration 873,235560,58.77382982774763
CM,Null iteration 874,235560,58.879763533018874
CM,Null iteration 875,235560,58.750781395779114
CM,Null iteration 876,235560,58.7836807189778
CM,Null iteration 877,235560,58.786708357675295
CM,Null iteration 878,235560,58.79711643771818
CM,Null iteration 879,235560,58.80930973662679
CM,Null iteration 880,235560,58.762198434087374
CM,Null iteration 881,235560,58.77013213572991
CM,Null iteration 882,235560,58.79187362965952
CM,Null iteration 883,235560,58.79847719473496
CM,Null iteration 884,235560,58.69716685061549
CM,Null iteration 885,235560,58.79227094863849
CM,Null iteration 886,235560,58.78726314834076
CM,Null iteration 887,235560,58.76884019539803
CM,Null iteration 888,235560,58.792429371128506
CM,Null iteration 889,235560,58.84657971750356
CM,Null iteration 890,235560,58.824206202982424
CM,Null iteration 891,235560,58.80342196733153
CM,Null iteration 892,235560,58.77009813702468
CM,Null iteration 893,235560,58.797227815916784
CM,Null iteration 894,235560,58.74401786322444
CM,Null iteration 895,235560,58.7887048964877
CM,Null iteration 896,235560,58.82113375966446
CM,Null iteration 897,235560,58.78349526382434
CM,Null iteration 898,235560,58.818305944883996
CM,Null iteration 899,235560,58.776317831262915
CM,Null iteration 900,235560,58.77987788873308
CM,Null iteration 901,235560,58.79105114201886
CM,Null iteration 902,235560,58.85855602382033
CM,Null iteration 903,235560,58.794337277140755
CM,Null iteration 904,235560,58.7559178835739
CM,Null iteration 905,235560,58.86495636057298
CM,Null iteration 906,235560,58.765972485655766
CM,Null iteration 907,235560,58.79638354823854
CM,Null iteration 908,235560,58.767852915998546
CM,Null iteration 909,235560,58.741724364146805
CM,Null iteration 910,235560,58.75128584354704
CM,Null iteration 911,235560,58.789711320132724
CM,Null iteration 912,235560,58.79810324791768
CM,Null iteration 913,235560,58.795487745808515
CM,Null iteration 914,235560,58.80161994856924
CM,Null iteration 915,235560,58.778522726802194
CM,Null iteration 916,235560,58.812003618755845
CM,Null iteration 917,235560,58.90089123384101
CM,Null iteration 918,235560,58.7895383554256
CM,Null iteration 919,235560,58.833871564080944
CM,Null iteration 920,235560,58.81377182664344
CM,Null iteration 921,235560,58.80384693804069
CM,Null iteration 922,235560,58.7293030750193
CM,Null iteration 923,235560,58.83286403789096
CM,Null iteration 924,235560,58.790117041386324
CM,Null iteration 925,235560,58.81604389458717
CM,Null iteration 926,235560,58.79107211804228
CM,Null iteration 927,235560,58.76989607276336
CM,Null iteration 928,235560,58.76056673015515
CM,Null iteration 929,235560,58.81297945073466
CM,Null iteration 930,235560,58.774485976101204
CM,Null iteration 931,235560,58.79149829117476
CM,Null iteration 932,235560,58.82146402845793
CM,Null iteration 933,235560,58.862297858542696
CM,Null iteration 934,235560,58.75996577281459
CM,Null iteration 935,235560,58.796809082344815
CM,Null iteration 936,235560,58.77567869183851
CM,Null iteration 937,235560,58.778779894962064
CM,Null iteration 938,235560,58.82312223006682
CM,Null iteration 939,235560,58.813808785898125
CM,Null iteration 940,235560,58.724741281146386
CM,Null iteration 941,235560,58.79516255094673
CM,Null iteration 942,235560,58.76351175948514
CM,Null iteration 943,235560,58.80624428961191
CM,Null iteration 944,235560,58.77099056669181
CM,Null iteration 945,235560,58.84796064230958
CM,Null iteration 946,235560,58.80320287116372
CM,Null iteration 947,235560,58.73663057479549
CM,Null iteration 948,235560,58.84154983867329
CM,Null iteration 949,235560,58.76063597418899
CM,Null iteration 950,235560,58.72314456610208
CM,Null iteration 951,235560,58.84498248984666
CM,Null iteration 952,235560,58.8692771667721
CM,Null iteration 953,235560,58.81022522543603
CM,Null iteration 954,235560,58.802224043519274
CM,Null iteration 955,235560,58.797586188199915
CM,Null iteration 956,235560,58.80909729862405
CM,Null iteration 957,235560,58.81106779205244
CM,Null iteration 958,235560,58.80727291708219
CM,Null iteration 959,235560,58.80417138478698
CM,Null iteration 960,235560,58.82899201927471
CM,Null iteration 961,235560,58.793165589317816
CM,Null iteration 962,235560,58.72078560238661
CM,Null iteration 963,235560,58.84973862563802
CM,Null iteration 964,235560,58.77681269601149
CM,Null iteration 965,235560,58.77727032546006
CM,Null iteration 966,235560,58.80834085432966
CM,Null iteration 967,235560,58.828224112269794
CM,Null iteration 968,235560,58.783130216417575
CM,Null iteration 969,235560,58.780604064812344
CM,Null iteration 970,235560,58.84271846126906
CM,Null iteration 971,235560,58.788617913716394
CM,Null iteration 972,235560,58.77116052840434
CM,Null iteration 973,235560,58.769818064785895
CM,Null iteration 974,235560,58.811606227932174
CM,Null iteration 975,235560,58.82364845288383
CM,Null iteration 976,235560,58.79226695667076
CM,Null iteration 977,235560,58.8421948084431
CM,Null iteration 978,235560,58.88799609024464
CM,Null iteration 979,235560,58.769691649753426
CM,Null iteration 980,235560,58.800438160878244
CM,Null iteration 981,235560,58.77318949907466
CM,Null iteration 982,235560,58.795824730523734
CM,Null iteration 983,235560,58.75430247312657
CM,Null iteration 984,235560,58.804599748318715
CM,Null iteration 985,235560,58.797488719440764
CM,Null iteration 986,235560,58.79381705234158
CM,Null iteration 987,235560,58.76837345520893
CM,Null iteration 988,235560,58.772832911329175
CM,Null iteration 989,235560,58.773835570838806
CM,Null iteration 990,235560,58.80648981696568
CM,Null iteration 991,235560,58.75244053420234
CM,Null iteration 992,235560,58.77948821895235
CM,Null iteration 993,235560,58.77885145440999
CM,Null iteration 994,235560,58.82475928031071
CM,Null iteration 995,235560,58.80425659559502
CM,Null iteration 996,235560,58.80511094494793
CM,Null iteration 997,235560,58.80686883197099
CM,Null iteration 998,235560,58.78264939260312
CM,Null iteration 999,235560,58.83305924325128
CM,Null iteration 1000,235560,58.787489035617284
