Method,Iteration,Number of Swaps,Nestedness,Number of Connected Components,Diameter,Average Shortest Path Length,Modularity,Codelength
Prediction,Prediction,201630,73.12684611317978,1,4,2.013706518125178,1,8.468593494911925
SM,Null iteration 1,201630,57.079621626103496,1,4,1.993979154720545,1,8.543763187649876
SM,Null iteration 2,201630,56.69574654538761,1,4,1.9939671082113826,1,8.544472077018243
SM,Null iteration 3,201630,56.52785323640508,1,4,1.9940177035498654,1,8.54353352026137
SM,Null iteration 4,201630,56.83109780020395,1,4,1.9939863826260427,1,8.543523352410253
SM,Null iteration 5,201630,56.76191906693876,1,4,1.99397433611688,1,8.543738273843916
SM,Null iteration 6,201630,56.65862966452802,1,4,1.9939719268150475,1,8.543995878407873
SM,Null iteration 7,201630,56.495032399604696,1,4,1.99396469890955,1,8.54369952546996
SM,Null iteration 8,201630,56.70241632921553,1,4,1.9939936105315401,1,8.543545555719867
SM,Null iteration 9,201630,56.77934594511828,1,4,1.9939960198333726,1,8.543595926871928
SM,Null iteration 10,201630,56.29798583944812,1,4,1.99397433611688,1,8.544101923041088
SM,Null iteration 11,201630,56.506034936581784,1,4,1.99397433611688,1,8.54441916470907
SM,Null iteration 12,201630,56.60064762316706,1,4,1.9939887919278751,1,8.543915890783778
SM,Null iteration 13,201630,56.3720754256709,1,4,1.993969517513215,1,8.544223989872867
SM,Null iteration 14,201630,56.76591725654566,1,4,1.9939912012297076,1,8.543713549890379
SM,Null iteration 15,201630,56.344071551649726,1,4,1.9940008384370378,1,8.543265198703466
SM,Null iteration 16,201630,56.7437181462833,1,4,1.993979154720545,1,8.543597762687304
SM,Null iteration 17,201630,56.6973361703367,1,4,1.9939912012297076,1,8.54332321468556
SM,Null iteration 18,201630,56.93435844758869,1,4,1.9939815640223777,1,8.543842416577744
SM,Null iteration 19,201630,56.45288658700734,1,4,1.9939815640223777,1,8.543701818793359
SM,Null iteration 20,201630,56.27243943879209,1,4,1.9939671082113826,1,8.544350231618756
SM,Null iteration 21,201630,56.66859854113832,1,4,1.993979154720545,1,8.543978399328209
SM,Null iteration 22,201630,56.50544802688688,1,4,1.9940273407571953,1,8.543856030137249
SM,Null iteration 23,201630,56.86428619469967,1,4,1.9939887919278751,1,8.543769178205622
SM,Null iteration 24,201630,57.01123679529716,1,4,1.9939839733242102,1,8.543001020251719
SM,Null iteration 25,201630,56.051585648289105,1,4,1.9939719268150475,1,8.544569444250653
SM,Null iteration 26,201630,56.915136655539726,1,4,1.9939767454187125,1,8.54364900114258
SM,Null iteration 27,201630,56.12977143750247,1,4,1.99397433611688,1,8.544145945258112
SM,Null iteration 28,201630,56.271261942983415,1,4,1.9939719268150475,1,8.544869859383335
SM,Null iteration 29,201630,56.881425079391136,1,4,1.9939839733242102,1,8.543661334653901
SM,Null iteration 30,201630,55.57032070179843,1,4,1.9939839733242102,1,8.544409181317338
SM,Null iteration 31,201630,56.393357985301364,1,4,1.9939912012297076,1,8.543761965899519
SM,Null iteration 32,201630,56.54414081085475,1,4,1.993969517513215,1,8.544026921355306
SM,Null iteration 33,201630,56.6945786089723,1,4,1.9939671082113826,1,8.5437837335625
SM,Null iteration 34,201630,56.569374691325706,1,4,1.9939936105315401,1,8.54353775053637
SM,Null iteration 35,201630,56.819492737224444,1,4,1.9940008384370378,1,8.54346366351455
SM,Null iteration 36,201630,56.634164699833434,1,4,1.99397433611688,1,8.543583469942476
SM,Null iteration 37,201630,56.95404140096234,1,4,1.9939767454187125,1,8.543536257768013
SM,Null iteration 38,201630,56.668540574007864,1,4,1.9939863826260427,1,8.543926203954904
SM,Null iteration 39,201630,56.46866864521355,1,4,1.9939719268150475,1,8.544049609773246
SM,Null iteration 40,201630,56.55198470545015,1,4,1.99397433611688,1,8.5436535744833
SM,Null iteration 41,201630,56.65788616110139,1,4,1.99397433611688,1,8.54366547222992
SM,Null iteration 42,201630,56.38378595339783,1,4,1.9939719268150475,1,8.544291757475921
SM,Null iteration 43,201630,56.3719693262282,1,4,1.9940152942480327,1,8.543905609584275
SM,Null iteration 44,201630,56.809426426962816,1,4,1.9940032477388703,1,8.544010273472939
SM,Null iteration 45,201630,56.23751971493399,1,4,1.9939839733242102,1,8.544176274947318
SM,Null iteration 46,201630,56.13423319946298,1,4,1.993969517513215,1,8.544520127565429
SM,Null iteration 47,201630,56.607567634433664,1,4,1.9940032477388703,1,8.543333030579104
SM,Null iteration 48,201630,56.942096030708406,1,4,1.9940080663425352,1,8.54334607588139
SM,Null iteration 49,201630,56.55650742361071,1,4,1.9939719268150475,1,8.544310907106167
SM,Null iteration 50,201630,56.855258828437954,1,4,1.9939936105315401,1,8.543834272262659
SM,Null iteration 51,201630,56.69118426705032,1,4,1.9939839733242102,1,8.544035304767101
SM,Null iteration 52,201630,56.65856354082898,1,4,1.9939815640223777,1,8.543469739259324
SM,Null iteration 53,201630,56.85697818881677,1,4,1.993969517513215,1,8.543895412830345
SM,Null iteration 54,201630,56.61529681839777,1,4,1.9939960198333726,1,8.543890756246578
SM,Null iteration 55,201630,56.61577121731153,1,4,1.9940225221535304,1,8.543570446604855
SM,Null iteration 56,201630,56.95541761857793,1,4,1.9940080663425352,1,8.543245654302659
SM,Null iteration 57,201630,56.320918751474004,1,4,1.9939767454187125,1,8.54436467636944
SM,Null iteration 58,201630,56.273614618679034,1,4,1.9939815640223777,1,8.544014969271172
SM,Null iteration 59,201630,56.43196743376379,1,4,1.99396469890955,1,8.544062075204424
SM,Null iteration 60,201630,56.753254495814744,1,4,1.9939815640223777,1,8.543826371998007
SM,Null iteration 61,201630,56.33739652733276,1,4,1.99396469890955,1,8.544284832588385
SM,Null iteration 62,201630,57.00039686977708,1,4,1.9939815640223777,1,8.543740962918246
SM,Null iteration 63,201630,56.23274380993287,1,4,1.9939960198333726,1,8.54359027843543
SM,Null iteration 64,201630,56.58640007424865,1,4,1.993979154720545,1,8.544275559108723
SM,Null iteration 65,201630,56.43040187525473,1,4,1.993959880305885,1,8.543839696428211
SM,Null iteration 66,201630,56.50167670541053,1,4,1.9939887919278751,1,8.543404734788574
SM,Null iteration 67,201630,56.27637919915696,1,4,1.993979154720545,1,8.544601007703724
SM,Null iteration 68,201630,56.773510687949326,1,4,1.993979154720545,1,8.543745640857423
SM,Null iteration 69,201630,56.73818582407736,1,4,1.99397433611688,1,8.543610808217952
SM,Null iteration 70,201630,56.28287241227736,1,4,1.9939671082113826,1,8.544388258744094
SM,Null iteration 71,201630,56.39253807122028,1,4,1.9939887919278751,1,8.543742564747845
SM,Null iteration 72,201630,57.12632568787488,1,4,1.9940128849462002,1,8.542878157388593
SM,Null iteration 73,201630,56.9992097450764,1,4,1.9939815640223777,1,8.543077122306949
SM,Null iteration 74,201630,56.600301019012846,1,4,1.9939887919278751,1,8.543437567033287
SM,Null iteration 75,201630,56.41199116243977,1,4,1.9940273407571953,1,8.54372401401897
SM,Null iteration 76,201630,56.46209376785204,1,4,1.9940152942480327,1,8.543058312524128
SM,Null iteration 77,201630,56.66663657661281,1,4,1.99397433611688,1,8.543862741759572
SM,Null iteration 78,201630,56.7614159577485,1,4,1.9940008384370378,1,8.543893018756345
SM,Null iteration 79,201630,56.563675311644474,1,4,1.9939887919278751,1,8.543634235826774
SM,Null iteration 80,201630,56.03745976485068,1,4,1.9939815640223777,1,8.543506131251263
SM,Null iteration 81,201630,56.644840468600705,1,4,1.9939719268150475,1,8.543663210703674
SM,Null iteration 82,201630,56.67740791968781,1,4,1.9940273407571953,1,8.54326861173965
SM,Null iteration 83,201630,56.50156828079107,1,4,1.9939839733242102,1,8.543988454922912
SM,Null iteration 84,201630,56.53416781343411,1,4,1.9939815640223777,1,8.543927392649472
SM,Null iteration 85,201630,56.71484076791548,1,4,1.9940104756443677,1,8.54366335795408
SM,Null iteration 86,201630,56.559699670605006,1,4,1.9939839733242102,1,8.544161589691235
SM,Null iteration 87,201630,56.46392387908637,1,4,1.9939863826260427,1,8.54404435013482
SM,Null iteration 88,201630,56.110237065670965,1,4,1.9939815640223777,1,8.544337664698165
SM,Null iteration 89,201630,56.72721330758307,1,4,1.99397433611688,1,8.543938400409049
SM,Null iteration 90,201630,56.71706241344397,1,4,1.994020112851698,1,8.543755743252861
SM,Null iteration 91,201630,56.83878769504379,1,4,1.9940369779645255,1,8.542675428142646
SM,Null iteration 92,201630,56.300818411102625,1,4,1.9940080663425352,1,8.543484489991172
SM,Null iteration 93,201630,56.35568489031559,1,4,1.99397433611688,1,8.543814470000784
SM,Null iteration 94,201630,56.47312784340318,1,4,1.9939622896077174,1,8.543805829921151
SM,Null iteration 95,201630,56.95596837105321,1,4,1.9939719268150475,1,8.543760384119034
SM,Null iteration 96,201630,57.06106595445945,1,4,1.9939767454187125,1,8.544016062311401
SM,Null iteration 97,201630,56.62703199847482,1,4,1.9939719268150475,1,8.544074691855847
SM,Null iteration 98,201630,56.47249129330795,1,4,1.9939815640223777,1,8.544351738975909
SM,Null iteration 99,201630,56.72447926376987,1,4,1.993979154720545,1,8.54423343735265
SM,Null iteration 100,201630,56.6050694637572,1,4,1.9939839733242102,1,8.54413690172968
SM,Null iteration 101,201630,56.05069108538774,1,4,1.9939936105315401,1,8.544511435660477
SM,Null iteration 102,201630,56.44068816492596,1,4,1.9939767454187125,1,8.543201983562986
SM,Null iteration 103,201630,56.48945707239563,1,4,1.9939767454187125,1,8.544014510944722
SM,Null iteration 104,201630,56.741202293204665,1,4,1.9939815640223777,1,8.54372555482128
SM,Null iteration 105,201630,56.33975429124304,1,4,1.9939936105315401,1,8.54438522516068
SM,Null iteration 106,201630,56.96934732027319,1,4,1.9939887919278751,1,8.543927507413906
SM,Null iteration 107,201630,56.907494230031546,1,4,1.9939960198333726,1,8.543267158131208
SM,Null iteration 108,201630,56.51007931156546,1,4,1.9939912012297076,1,8.543676820188768
SM,Null iteration 109,201630,56.70200462692695,1,4,1.9939767454187125,1,8.543726393048608
SM,Null iteration 110,201630,56.28063452432875,1,4,1.9939960198333726,1,8.544212804602344
SM,Null iteration 111,201630,56.63666364433861,1,4,1.9939960198333726,1,8.54337094725334
SM,Null iteration 112,201630,56.64921051309688,1,4,1.9939815640223777,1,8.543498348197138
SM,Null iteration 113,201630,56.61153805332951,1,4,1.9939984291352053,1,8.543866312330504
SM,Null iteration 114,201630,56.942879288831165,1,4,1.99396469890955,1,8.543624398165392
SM,Null iteration 115,201630,56.46041584099838,1,4,1.9939719268150475,1,8.544050833105631
SM,Null iteration 116,201630,56.22120972050018,1,4,1.9939767454187125,1,8.544350682281754
SM,Null iteration 117,201630,56.56129531247127,1,4,1.9940128849462002,1,8.543490639528924
SM,Null iteration 118,201630,56.4655930832096,1,4,1.9939839733242102,1,8.544115372509477
SM,Null iteration 119,201630,56.38305672945454,1,4,1.99396469890955,1,8.544369631087832
SM,Null iteration 120,201630,56.864520354829736,1,4,1.9939671082113826,1,8.543495602127303
SM,Null iteration 121,201630,56.53919952769263,1,4,1.9939815640223777,1,8.54341555193446
SM,Null iteration 122,201630,56.6448433055092,1,4,1.9939936105315401,1,8.542943340002571
SM,Null iteration 123,201630,56.95985108045722,1,4,1.9939912012297076,1,8.543917824330133
SM,Null iteration 124,201630,56.74723569681111,1,4,1.9939767454187125,1,8.543769359870238
SM,Null iteration 125,201630,57.21378027454804,1,4,1.993979154720545,1,8.542915736327299
SM,Null iteration 126,201630,56.700784668778255,1,4,1.9939671082113826,1,8.543857052445581
SM,Null iteration 127,201630,56.51837454375806,1,4,1.9940104756443677,1,8.543303531196733
SM,Null iteration 128,201630,56.442108569488425,1,4,1.9939767454187125,1,8.54417583259785
SM,Null iteration 129,201630,56.56718236973421,1,4,1.9939671082113826,1,8.544061567961755
SM,Null iteration 130,201630,56.58049306941837,1,4,1.9939719268150475,1,8.544241521606263
SM,Null iteration 131,201630,56.747592942977796,1,4,1.993979154720545,1,8.543841977864568
SM,Null iteration 132,201630,56.54258361263294,1,4,1.9939719268150475,1,8.543896529130189
SM,Null iteration 133,201630,56.45483626435069,1,4,1.9939839733242102,1,8.54426060113678
SM,Null iteration 134,201630,56.255625496373526,1,4,1.9939887919278751,1,8.543502337366721
SM,Null iteration 135,201630,56.63021080839361,1,4,1.9940297500590278,1,8.543633654290566
SM,Null iteration 136,201630,56.37778714775528,1,4,1.9940056570407028,1,8.544352338184781
SM,Null iteration 137,201630,57.0659259019818,1,4,1.9939912012297076,1,8.54384759127182
SM,Null iteration 138,201630,56.83683399507788,1,4,1.9939960198333726,1,8.543787557646153
SM,Null iteration 139,201630,56.80794750800905,1,4,1.9939671082113826,1,8.543780222508387
SM,Null iteration 140,201630,56.797870949522206,1,4,1.9939719268150475,1,8.543596652738902
SM,Null iteration 141,201630,56.42026045778,1,4,1.9939719268150475,1,8.544326213897985
SM,Null iteration 142,201630,56.70031257472286,1,4,1.9939863826260427,1,8.5434731854008
SM,Null iteration 143,201630,56.59644494422909,1,4,1.9939984291352053,1,8.543932899076161
SM,Null iteration 144,201630,56.5477994115298,1,4,1.9939719268150475,1,8.54388282037733
SM,Null iteration 145,201630,56.48292201425929,1,4,1.9939815640223777,1,8.543955806438877
SM,Null iteration 146,201630,56.440466270216106,1,4,1.993969517513215,1,8.544099332168368
SM,Null iteration 147,201630,56.6716760424873,1,4,1.99397433611688,1,8.544425850401167
SM,Null iteration 148,201630,56.375860026745976,1,4,1.99396469890955,1,8.544646066578352
SM,Null iteration 149,201630,56.174054197592,1,4,1.993969517513215,1,8.54405750217389
SM,Null iteration 150,201630,56.838472524726185,1,4,1.9939936105315401,1,8.543623724019282
SM,Null iteration 151,201630,56.62852591167079,1,4,1.9939984291352053,1,8.543432468472284
SM,Null iteration 152,201630,56.750178009577,1,4,1.9939960198333726,1,8.542865660464308
SM,Null iteration 153,201630,56.54806873486112,1,4,1.993969517513215,1,8.544077353337215
SM,Null iteration 154,201630,56.30500801423666,1,4,1.994034568662693,1,8.5442280481701
SM,Null iteration 155,201630,56.75069951578057,1,4,1.994020112851698,1,8.542889727531294
SM,Null iteration 156,201630,56.733239448102196,1,4,1.99396469890955,1,8.544279671145947
SM,Null iteration 157,201630,55.54906145542271,1,4,1.9939815640223777,1,8.544411418143216
SM,Null iteration 158,201630,56.93697398589987,1,4,1.9939767454187125,1,8.543696474860978
SM,Null iteration 159,201630,56.18510106168566,1,4,1.99397433611688,1,8.543842894342614
SM,Null iteration 160,201630,56.59202470961601,1,4,1.993959880305885,1,8.544304713531709
SM,Null iteration 161,201630,56.514928145094544,1,4,1.9939815640223777,1,8.54398648254544
SM,Null iteration 162,201630,56.63527614107854,1,4,1.9939719268150475,1,8.543690807101653
SM,Null iteration 163,201630,56.65447130165454,1,4,1.9939767454187125,1,8.544003053579107
SM,Null iteration 164,201630,56.20433697293602,1,4,1.9939815640223777,1,8.544238634153217
SM,Null iteration 165,201630,56.71592669166951,1,4,1.9939767454187125,1,8.543859809493522
SM,Null iteration 166,201630,56.641202128686345,1,4,1.9940080663425352,1,8.543646657098858
SM,Null iteration 167,201630,56.79144285029902,1,4,1.993979154720545,1,8.543043698489031
SM,Null iteration 168,201630,56.959230075245664,1,4,1.9939839733242102,1,8.54299486476999
SM,Null iteration 169,201630,56.87942828443033,1,4,1.9939815640223777,1,8.543760751247982
SM,Null iteration 170,201630,56.70339557017225,1,4,1.9939815640223777,1,8.54352210169503
SM,Null iteration 171,201630,56.255553962836856,1,4,1.99397433611688,1,8.544499530973757
SM,Null iteration 172,201630,56.78448630398161,1,4,1.9939887919278751,1,8.544231282132506
SM,Null iteration 173,201630,56.417865940615314,1,4,1.9939839733242102,1,8.543897202535685
SM,Null iteration 174,201630,56.63560773123605,1,4,1.9939912012297076,1,8.543748912956108
SM,Null iteration 175,201630,56.42588967211746,1,4,1.9939815640223777,1,8.544017067046303
SM,Null iteration 176,201630,57.053705943091906,1,4,1.9940008384370378,1,8.543506304387062
SM,Null iteration 177,201630,57.02993857998963,1,4,1.9939767454187125,1,8.543674445318846
SM,Null iteration 178,201630,56.408575998817106,1,4,1.9939574710040524,1,8.544470291057387
SM,Null iteration 179,201630,56.560897066779376,1,4,1.9940032477388703,1,8.543662943593231
SM,Null iteration 180,201630,56.88242124797992,1,4,1.993979154720545,1,8.543668389602123
SM,Null iteration 181,201630,56.482935979606296,1,4,1.9939960198333726,1,8.543675750914918
SM,Null iteration 182,201630,56.46884298266563,1,4,1.9939815640223777,1,8.543648536108407
SM,Null iteration 183,201630,56.25786483408092,1,4,1.993979154720545,1,8.544317983719083
SM,Null iteration 184,201630,56.65449357326713,1,4,1.9940273407571953,1,8.543764060013
SM,Null iteration 185,201630,56.57960216761041,1,4,1.993969517513215,1,8.543701471254193
SM,Null iteration 186,201630,56.406246953085954,1,4,1.99396469890955,1,8.543883537652416
SM,Null iteration 187,201630,56.342653484488324,1,4,1.9940008384370378,1,8.543767751602008
SM,Null iteration 188,201630,56.642538971721905,1,4,1.993979154720545,1,8.544113308261677
SM,Null iteration 189,201630,56.98458955240954,1,4,1.9939960198333726,1,8.54302112476319
SM,Null iteration 190,201630,57.04739945441988,1,4,1.9939863826260427,1,8.542918193872206
SM,Null iteration 191,201630,56.820084268519,1,4,1.9939863826260427,1,8.543446706971688
SM,Null iteration 192,201630,56.880754163061866,1,4,1.9939671082113826,1,8.543906003017906
SM,Null iteration 193,201630,56.87308007785295,1,4,1.9939767454187125,1,8.543438237189195
SM,Null iteration 194,201630,56.55394260430763,1,4,1.9939863826260427,1,8.543316233657615
SM,Null iteration 195,201630,56.45265711935571,1,4,1.99396469890955,1,8.54437141489896
SM,Null iteration 196,201630,56.31099306370982,1,4,1.9939719268150475,1,8.54387026328567
SM,Null iteration 197,201630,56.327953888980986,1,4,1.9939767454187125,1,8.543741383861507
SM,Null iteration 198,201630,56.00766004042987,1,4,1.9939719268150475,1,8.544343934293831
SM,Null iteration 199,201630,56.708833146718554,1,4,1.9939839733242102,1,8.54362685961477
SM,Null iteration 200,201630,55.89587403270366,1,4,1.9939887919278751,1,8.544377570405233
SM,Null iteration 201,201630,56.41615102663121,1,4,1.9939839733242102,1,8.543851382085261
SM,Null iteration 202,201630,56.775371887054746,1,4,1.9940080663425352,1,8.543390255419839
SM,Null iteration 203,201630,56.796275454878185,1,4,1.9939839733242102,1,8.543893556855123
SM,Null iteration 204,201630,56.724938210724105,1,4,1.9940104756443677,1,8.543544904728511
SM,Null iteration 205,201630,56.293484085822506,1,4,1.99396469890955,1,8.544201195888483
SM,Null iteration 206,201630,56.3367958661512,1,4,1.99397433611688,1,8.54416873974169
SM,Null iteration 207,201630,56.601772920596424,1,4,1.99397433611688,1,8.543693405003545
SM,Null iteration 208,201630,56.17691075048714,1,4,1.9939984291352053,1,8.544196224748902
SM,Null iteration 209,201630,57.18463698240173,1,4,1.9939719268150475,1,8.543641725664562
SM,Null iteration 210,201630,56.8827752286261,1,4,1.9939912012297076,1,8.54401410591701
SM,Null iteration 211,201630,56.71760938662581,1,4,1.99397433611688,1,8.543724058257004
SM,Null iteration 212,201630,56.324907211131915,1,4,1.9939912012297076,1,8.544198990407622
SM,Null iteration 213,201630,56.644799404033236,1,4,1.9939912012297076,1,8.543825138125195
SM,Null iteration 214,201630,56.27239323054076,1,4,1.9939671082113826,1,8.544342437836299
SM,Null iteration 215,201630,56.59174514803805,1,4,1.9939839733242102,1,8.543545960440543
SM,Null iteration 216,201630,56.70520695712663,1,4,1.9939863826260427,1,8.544114328237216
SM,Null iteration 217,201630,56.93563997836645,1,4,1.9939863826260427,1,8.543628009874013
SM,Null iteration 218,201630,56.376131820155834,1,4,1.9939815640223777,1,8.543361768792566
SM,Null iteration 219,201630,56.58441355573055,1,4,1.9939815640223777,1,8.54362256456359
SM,Null iteration 220,201630,56.638898566848354,1,4,1.9939960198333726,1,8.543830401109096
SM,Null iteration 221,201630,56.946088056368495,1,4,1.9939912012297076,1,8.54349915081849
SM,Null iteration 222,201630,56.82021918638627,1,4,1.993969517513215,1,8.544200845824124
SM,Null iteration 223,201630,56.58412430058782,1,4,1.9939839733242102,1,8.544052948723087
SM,Null iteration 224,201630,56.77829047168044,1,4,1.9939863826260427,1,8.543190642525097
SM,Null iteration 225,201630,56.77150491621745,1,4,1.9939719268150475,1,8.544021970689991
SM,Null iteration 226,201630,56.69540691728578,1,4,1.9940177035498654,1,8.543107743298169
SM,Null iteration 227,201630,56.74771428502527,1,4,1.9940032477388703,1,8.543852601920877
SM,Null iteration 228,201630,56.66197207423674,1,4,1.9940128849462002,1,8.54361489860913
SM,Null iteration 229,201630,56.097772163011115,1,4,1.993979154720545,1,8.544755265316747
SM,Null iteration 230,201630,56.87405506568477,1,4,1.9939671082113826,1,8.543792687809777
SM,Null iteration 231,201630,56.62201200321036,1,4,1.9939839733242102,1,8.543657611506191
SM,Null iteration 232,201630,56.300106484993336,1,4,1.993969517513215,1,8.54344008163996
SM,Null iteration 233,201630,56.709349641593874,1,4,1.993979154720545,1,8.543326083001729
SM,Null iteration 234,201630,56.391939422195016,1,4,1.9939622896077174,1,8.544343371766326
SM,Null iteration 235,201630,56.56474787433608,1,4,1.9939984291352053,1,8.543968000764949
SM,Null iteration 236,201630,57.025266809491285,1,4,1.9940152942480327,1,8.543352825776187
SM,Null iteration 237,201630,56.935483847703026,1,4,1.9939767454187125,1,8.54349867288569
SM,Null iteration 238,201630,56.610260920707006,1,4,1.993979154720545,1,8.543834756394688
SM,Null iteration 239,201630,56.72634057097795,1,4,1.993979154720545,1,8.543331350551853
SM,Null iteration 240,201630,56.92780404978723,1,4,1.99397433611688,1,8.543526654187522
SM,Null iteration 241,201630,56.37463237233537,1,4,1.9939815640223777,1,8.544101310287523
SM,Null iteration 242,201630,56.426400933921876,1,4,1.993969517513215,1,8.543731536128696
SM,Null iteration 243,201630,56.41192450280804,1,4,1.9939815640223777,1,8.543886667052973
SM,Null iteration 244,201630,56.32309801610721,1,4,1.9940417965681905,1,8.544344764784384
SM,Null iteration 245,201630,56.90797016582739,1,4,1.9940080663425352,1,8.543016862345123
SM,Null iteration 246,201630,56.59072120746879,1,4,1.9939960198333726,1,8.54373961167622
SM,Null iteration 247,201630,56.71211635635247,1,4,1.9939719268150475,1,8.54396481071724
SM,Null iteration 248,201630,56.51243201085658,1,4,1.9939839733242102,1,8.543667311836767
SM,Null iteration 249,201630,56.278703477036366,1,4,1.9939863826260427,1,8.54440630701663
SM,Null iteration 250,201630,56.664309941756116,1,4,1.993979154720545,1,8.543802557002937
SM,Null iteration 251,201630,56.81888342253976,1,4,1.9939887919278751,1,8.54335854805361
SM,Null iteration 252,201630,56.44261382722853,1,4,1.9939887919278751,1,8.543534293320809
SM,Null iteration 253,201630,56.49589616427761,1,4,1.9939984291352053,1,8.543951511352287
SM,Null iteration 254,201630,56.65289132781323,1,4,1.9939815640223777,1,8.54390418068812
SM,Null iteration 255,201630,56.82849005282458,1,4,1.9940249314553629,1,8.543729138398465
SM,Null iteration 256,201630,56.45357418374452,1,4,1.993969517513215,1,8.544115591221928
SM,Null iteration 257,201630,56.82475631821099,1,4,1.993979154720545,1,8.543924441315399
SM,Null iteration 258,201630,56.663018014591614,1,4,1.9939815640223777,1,8.543876455895912
SM,Null iteration 259,201630,56.61151497551498,1,4,1.9939863826260427,1,8.54405925359525
SM,Null iteration 260,201630,56.821485006197605,1,4,1.9939887919278751,1,8.543413071468276
SM,Null iteration 261,201630,56.61236110401853,1,4,1.9939671082113826,1,8.544299189576481
SM,Null iteration 262,201630,56.97546729228429,1,4,1.9940080663425352,1,8.542965434568574
SM,Null iteration 263,201630,56.89792102733428,1,4,1.993969517513215,1,8.543281561339938
SM,Null iteration 264,201630,56.630285537816505,1,4,1.9939960198333726,1,8.543997422206527
SM,Null iteration 265,201630,56.44391543360186,1,4,1.9939719268150475,1,8.544204948639376
SM,Null iteration 266,201630,56.763860853936144,1,4,1.9939960198333726,1,8.543482524327572
SM,Null iteration 267,201630,56.288839425732654,1,4,1.99396469890955,1,8.544261994375367
SM,Null iteration 268,201630,56.63959295495671,1,4,1.99396469890955,1,8.544232953847525
SM,Null iteration 269,201630,57.12582128260536,1,4,1.9940080663425352,1,8.542779255717113
SM,Null iteration 270,201630,56.491841521378205,1,4,1.9939719268150475,1,8.543917001430714
SM,Null iteration 271,201630,56.3167049445271,1,4,1.9939719268150475,1,8.54398212620569
SM,Null iteration 272,201630,55.85365049205351,1,4,1.99397433611688,1,8.544233777354686
SM,Null iteration 273,201630,56.556301830095904,1,4,1.9939839733242102,1,8.544050905415554
SM,Null iteration 274,201630,57.17918374281981,1,4,1.9939984291352053,1,8.542815315148884
SM,Null iteration 275,201630,56.73418521015465,1,4,1.9939912012297076,1,8.543251796196424
SM,Null iteration 276,201630,56.96837185820118,1,4,1.9939936105315401,1,8.543834580088248
SM,Null iteration 277,201630,56.453654583252884,1,4,1.9939767454187125,1,8.543671652728948
SM,Null iteration 278,201630,56.2818313951755,1,4,1.993979154720545,1,8.544067735446506
SM,Null iteration 279,201630,56.863858710014995,1,4,1.99397433611688,1,8.544341376896577
SM,Null iteration 280,201630,56.548470485951036,1,4,1.9939815640223777,1,8.543919573373746
SM,Null iteration 281,201630,56.84480942885135,1,4,1.9939887919278751,1,8.543592912234958
SM,Null iteration 282,201630,56.611799902817594,1,4,1.9939936105315401,1,8.543908610303204
SM,Null iteration 283,201630,56.6237822717444,1,4,1.993979154720545,1,8.544092266826677
SM,Null iteration 284,201630,56.62335794707071,1,4,1.993979154720545,1,8.543864302815503
SM,Null iteration 285,201630,56.67273001652702,1,4,1.9940080663425352,1,8.54333790913846
SM,Null iteration 286,201630,56.02525413687046,1,4,1.993969517513215,1,8.543876699139634
SM,Null iteration 287,201630,56.394996463175545,1,4,1.9939767454187125,1,8.54366883749801
SM,Null iteration 288,201630,56.625114484338496,1,4,1.9939622896077174,1,8.543958367723237
SM,Null iteration 289,201630,56.2079532484959,1,4,1.9940225221535304,1,8.54411521196614
SM,Null iteration 290,201630,56.29668657430837,1,4,1.9939839733242102,1,8.543910022715783
SM,Null iteration 291,201630,56.89358129053373,1,4,1.9939839733242102,1,8.54357893681979
SM,Null iteration 292,201630,56.95506477908167,1,4,1.9940803453975107,1,8.543495144472573
SM,Null iteration 293,201630,56.99301653336747,1,4,1.9939936105315401,1,8.54319027451467
SM,Null iteration 294,201630,56.714812079870036,1,4,1.9939815640223777,1,8.543632045002825
SM,Null iteration 295,201630,56.379787325928554,1,4,1.9939839733242102,1,8.543935490767353
SM,Null iteration 296,201630,56.678139508347016,1,4,1.99397433611688,1,8.543866271152972
SM,Null iteration 297,201630,56.40091703318522,1,4,1.9939719268150475,1,8.544056591918373
SM,Null iteration 298,201630,56.550449409480855,1,4,1.993969517513215,1,8.544039144249762
SM,Null iteration 299,201630,56.786226067191606,1,4,1.9939815640223777,1,8.543889310101465
SM,Null iteration 300,201630,56.47591517570967,1,4,1.99397433611688,1,8.54407854276599
SM,Null iteration 301,201630,56.60691159962758,1,4,1.9940008384370378,1,8.54354579138424
SM,Null iteration 302,201630,56.24719332407304,1,4,1.9939912012297076,1,8.543744510119442
SM,Null iteration 303,201630,56.60086005670124,1,4,1.9939887919278751,1,8.54382713750221
SM,Null iteration 304,201630,57.1451003246494,1,4,1.9940080663425352,1,8.543102714248427
SM,Null iteration 305,201630,56.52991127279974,1,4,1.9939767454187125,1,8.543367377241104
SM,Null iteration 306,201630,56.32032627345589,1,4,1.9939887919278751,1,8.544429851420166
SM,Null iteration 307,201630,56.61034840553002,1,3,1.99395506170222,1,8.544425699735994
SM,Null iteration 308,201630,56.538784003799194,1,4,1.9939912012297076,1,8.543665542477216
SM,Null iteration 309,201630,56.36713063188695,1,4,1.9939671082113826,1,8.54458879187238
SM,Null iteration 310,201630,56.501732849384865,1,4,1.9939767454187125,1,8.544265041434977
SM,Null iteration 311,201630,56.722191642382,1,4,1.99397433611688,1,8.544135068258562
SM,Null iteration 312,201630,56.30627013134283,1,4,1.993979154720545,1,8.543776705825021
SM,Null iteration 313,201630,56.61776450713381,1,4,1.99397433611688,1,8.543818881121958
SM,Null iteration 314,201630,56.458610980374964,1,4,1.9939887919278751,1,8.543615302920369
SM,Null iteration 315,201630,56.85825093141837,1,4,1.9939984291352053,1,8.54369217629422
SM,Null iteration 316,201630,56.810406154219876,1,4,1.9939767454187125,1,8.543894981145383
SM,Null iteration 317,201630,57.026484862608186,1,4,1.9939887919278751,1,8.543713965647436
SM,Null iteration 318,201630,56.62737437500026,1,4,1.9940056570407028,1,8.543744503865085
SM,Null iteration 319,201630,56.784711573457756,1,4,1.994020112851698,1,8.543722732718967
SM,Null iteration 320,201630,56.299662937587854,1,4,1.9940032477388703,1,8.54364439811695
SM,Null iteration 321,201630,56.60656453406804,1,4,1.993969517513215,1,8.544077589024113
SM,Null iteration 322,201630,57.01600805039966,1,4,1.993979154720545,1,8.542996897703254
SM,Null iteration 323,201630,56.816807320133265,1,4,1.993979154720545,1,8.543391539908859
SM,Null iteration 324,201630,56.14558084311206,1,4,1.9939887919278751,1,8.544292478335347
SM,Null iteration 325,201630,56.67498751608924,1,4,1.9939622896077174,1,8.544162580581652
SM,Null iteration 326,201630,56.17277440103296,1,4,1.9939671082113826,1,8.543825560321137
SM,Null iteration 327,201630,56.47183302791264,1,4,1.9940104756443677,1,8.542891345449796
SM,Null iteration 328,201630,56.936881372091705,1,4,1.993969517513215,1,8.543798573842516
SM,Null iteration 329,201630,56.39618072418121,1,4,1.99396469890955,1,8.544208784794659
SM,Null iteration 330,201630,56.365372034770026,1,4,1.9939815640223777,1,8.544183340328903
SM,Null iteration 331,201630,56.93376023744089,1,4,1.9940152942480327,1,8.543618547269771
SM,Null iteration 332,201630,56.637496140858474,1,4,1.9939815640223777,1,8.543478615088757
SM,Null iteration 333,201630,56.44588237808598,1,4,1.9939912012297076,1,8.54422559366948
SM,Null iteration 334,201630,56.59499991319754,1,4,1.9939887919278751,1,8.54324184752093
SM,Null iteration 335,201630,56.598691660863004,1,4,1.9939767454187125,1,8.54364541040551
SM,Null iteration 336,201630,56.60226893732675,1,4,1.9939839733242102,1,8.54361728528355
SM,Null iteration 337,201630,57.075085107433395,1,4,1.9939863826260427,1,8.543056423604316
SM,Null iteration 338,201630,56.102680834013654,1,4,1.9939815640223777,1,8.544097306700188
SM,Null iteration 339,201630,56.81133005042598,1,4,1.9939767454187125,1,8.54412782621572
SM,Null iteration 340,201630,57.0162050620148,1,4,1.993979154720545,1,8.543474753479389
SM,Null iteration 341,201630,56.70689682485795,1,4,1.9940008384370378,1,8.543478703190248
SM,Null iteration 342,201630,56.88226151402796,1,4,1.9939839733242102,1,8.54306884223383
SM,Null iteration 343,201630,56.755845747669554,1,4,1.9939671082113826,1,8.543889735608333
SM,Null iteration 344,201630,56.60836362268449,1,4,1.9939767454187125,1,8.544014711750131
SM,Null iteration 345,201630,56.658171251914546,1,4,1.9939984291352053,1,8.5438270648903
SM,Null iteration 346,201630,57.10732653885792,1,4,1.9940056570407028,1,8.543173699743063
SM,Null iteration 347,201630,56.70539925382452,1,4,1.9939960198333726,1,8.54344296850455
SM,Null iteration 348,201630,56.45356691968457,1,4,1.9939622896077174,1,8.543994608195709
SM,Null iteration 349,201630,56.55191587861944,1,4,1.99397433611688,1,8.544063448886856
SM,Null iteration 350,201630,56.75470441676224,1,4,1.9939839733242102,1,8.542764704835973
SM,Null iteration 351,201630,56.2925634927595,1,4,1.9940008384370378,1,8.544250980598113
SM,Null iteration 352,201630,56.78228989935994,1,4,1.9939767454187125,1,8.543592847757628
SM,Null iteration 353,201630,56.491816878990036,1,4,1.99396469890955,1,8.544497923908207
SM,Null iteration 354,201630,56.362879494336894,1,4,1.9939839733242102,1,8.54369879316626
SM,Null iteration 355,201630,56.51484139252227,1,4,1.99397433611688,1,8.544062224422401
SM,Null iteration 356,201630,56.30210921954064,1,4,1.9939767454187125,1,8.544279634386916
SM,Null iteration 357,201630,56.97457565122784,1,4,1.993979154720545,1,8.54320989861108
SM,Null iteration 358,201630,56.98440256576846,1,4,1.9939887919278751,1,8.543555095499157
SM,Null iteration 359,201630,56.42195114548797,1,4,1.9939960198333726,1,8.544039191856836
SM,Null iteration 360,201630,56.74998079979562,1,4,1.9939719268150475,1,8.543981502744924
SM,Null iteration 361,201630,55.97930493358875,1,4,1.993979154720545,1,8.544216087216299
SM,Null iteration 362,201630,56.78218956267311,1,4,1.993979154720545,1,8.543733578952939
SM,Null iteration 363,201630,56.82851611659072,1,4,1.993969517513215,1,8.544229968861123
SM,Null iteration 364,201630,56.58024008426612,1,4,1.9939887919278751,1,8.54363447798739
SM,Null iteration 365,201630,56.25473831688517,1,4,1.993979154720545,1,8.544089313226252
SM,Null iteration 366,201630,57.00608988869978,1,4,1.9940225221535304,1,8.543008698360508
SM,Null iteration 367,201630,56.505910477351215,1,4,1.9940152942480327,1,8.543642018805205
SM,Null iteration 368,201630,56.57810044177843,1,4,1.9939839733242102,1,8.544063300896584
SM,Null iteration 369,201630,56.734849701810916,1,4,1.9939815640223777,1,8.543226282320635
SM,Null iteration 370,201630,56.60827803197506,1,4,1.99396469890955,1,8.543982547007694
SM,Null iteration 371,201630,56.6307134436898,1,4,1.99397433611688,1,8.543938976882211
SM,Null iteration 372,201630,56.793006550674576,1,4,1.9939815640223777,1,8.543497891350766
SM,Null iteration 373,201630,56.5351517695163,1,4,1.9939719268150475,1,8.5442974903795
SM,Null iteration 374,201630,56.348397590415544,1,4,1.9939671082113826,1,8.543943807337326
SM,Null iteration 375,201630,56.59742552868525,1,4,1.9939815640223777,1,8.543913342780233
SM,Null iteration 376,201630,56.72730484941387,1,4,1.9940273407571953,1,8.543381393572004
SM,Null iteration 377,201630,56.28339457828183,1,4,1.993969517513215,1,8.54440688696259
SM,Null iteration 378,201630,56.22221995843136,1,4,1.9939912012297076,1,8.5442036467987
SM,Null iteration 379,201630,56.68019379283122,1,4,1.9939960198333726,1,8.54380057136311
SM,Null iteration 380,201630,56.216930857609995,1,4,1.993979154720545,1,8.544336955060665
SM,Null iteration 381,201630,56.56567226440898,1,4,1.9939839733242102,1,8.543804892608877
SM,Null iteration 382,201630,56.66020904272075,1,4,1.9939815640223777,1,8.543804815038106
SM,Null iteration 383,201630,56.863674765109614,1,4,1.99397433611688,1,8.54379596186694
SM,Null iteration 384,201630,56.75996221991798,1,4,1.9939936105315401,1,8.543317707867706
SM,Null iteration 385,201630,56.78464069577515,1,4,1.9939719268150475,1,8.543774437233917
SM,Null iteration 386,201630,56.5066686188447,1,4,1.9939863826260427,1,8.544271196435075
SM,Null iteration 387,201630,56.53849555433019,1,4,1.99397433611688,1,8.544412756109056
SM,Null iteration 388,201630,56.62670430627299,1,4,1.9940056570407028,1,8.544090533628058
SM,Null iteration 389,201630,56.860429052773185,1,4,1.993969517513215,1,8.543817820375592
SM,Null iteration 390,201630,56.4096373583636,1,4,1.9939719268150475,1,8.544405298887133
SM,Null iteration 391,201630,56.4973486050699,1,4,1.9939622896077174,1,8.544254203650418
SM,Null iteration 392,201630,56.41343062210362,1,4,1.9939887919278751,1,8.544086031925358
SM,Null iteration 393,201630,56.367716941704245,1,4,1.9939622896077174,1,8.544638310338893
SM,Null iteration 394,201630,56.59322123022885,1,4,1.9940128849462002,1,8.543621589190876
SM,Null iteration 395,201630,56.974056098887104,1,4,1.9939912012297076,1,8.543532185425589
SM,Null iteration 396,201630,56.963774255278494,1,4,1.9939839733242102,1,8.54340368321475
SM,Null iteration 397,201630,56.163456724222414,1,4,1.9939767454187125,1,8.544683263213688
SM,Null iteration 398,201630,56.307949134919305,1,4,1.9940177035498654,1,8.543974162965402
SM,Null iteration 399,201630,56.708343031737286,1,4,1.9939960198333726,1,8.543827049662326
SM,Null iteration 400,201630,56.152702695370735,1,4,1.9939936105315401,1,8.544379900134434
SM,Null iteration 401,201630,56.62163749416178,1,4,1.9939719268150475,1,8.543674856615372
SM,Null iteration 402,201630,56.32572882298405,1,4,1.9939887919278751,1,8.544006119889945
SM,Null iteration 403,201630,56.782921286659345,1,4,1.9939863826260427,1,8.543541454806222
SM,Null iteration 404,201630,56.66458377677675,1,4,1.9939863826260427,1,8.54381186322737
SM,Null iteration 405,201630,56.554008872518935,1,4,1.9940008384370378,1,8.543718695538868
SM,Null iteration 406,201630,56.633575705652106,1,4,1.9939887919278751,1,8.543106377385621
SM,Null iteration 407,201630,56.95662700482005,1,4,1.9939839733242102,1,8.543758691508136
SM,Null iteration 408,201630,57.21690202085884,1,4,1.9939960198333726,1,8.543065767377636
SM,Null iteration 409,201630,56.67121579393657,1,4,1.9939767454187125,1,8.544212185260886
SM,Null iteration 410,201630,56.364831770817375,1,4,1.9939767454187125,1,8.544167877280344
SM,Null iteration 411,201630,56.88895372487349,1,4,1.9939839733242102,1,8.544042600298175
SM,Null iteration 412,201630,57.00114446796889,1,4,1.993979154720545,1,8.543521621529356
SM,Null iteration 413,201630,56.42340978857844,1,4,1.99397433611688,1,8.543671914117768
SM,Null iteration 414,201630,56.55104419917968,1,4,1.9939815640223777,1,8.543628916026654
SM,Null iteration 415,201630,56.298166827940335,1,4,1.9939887919278751,1,8.544015502906992
SM,Null iteration 416,201630,56.88783278850278,1,4,1.9939887919278751,1,8.543956742364356
SM,Null iteration 417,201630,56.82501842206244,1,4,1.9939767454187125,1,8.54360999662916
SM,Null iteration 418,201630,56.29382854978875,1,4,1.9939815640223777,1,8.544531996818833
SM,Null iteration 419,201630,56.735271015311525,1,4,1.994049024473688,1,8.54371266049502
SM,Null iteration 420,201630,56.866490067338766,1,4,1.993979154720545,1,8.543861309945724
SM,Null iteration 421,201630,56.57682578071419,1,4,1.9939815640223777,1,8.543548595497224
SM,Null iteration 422,201630,56.526559224195616,1,4,1.993979154720545,1,8.544171100937486
SM,Null iteration 423,201630,56.964887203722625,1,4,1.9939936105315401,1,8.543697197851175
SM,Null iteration 424,201630,56.61067953467099,1,4,1.9939815640223777,1,8.544144296255187
SM,Null iteration 425,201630,56.7682016237962,1,4,1.9939815640223777,1,8.54363644319734
SM,Null iteration 426,201630,56.62271200176481,1,4,1.99397433611688,1,8.544188912549973
SM,Null iteration 427,201630,56.846376958392284,1,4,1.9939719268150475,1,8.54374653454574
SM,Null iteration 428,201630,56.262170161636476,1,4,1.9939960198333726,1,8.543560614473924
SM,Null iteration 429,201630,56.620172233899936,1,4,1.9939767454187125,1,8.544306571157378
SM,Null iteration 430,201630,56.2158444225056,1,4,1.9939839733242102,1,8.544463296023707
SM,Null iteration 431,201630,56.85095158411121,1,4,1.993979154720545,1,8.543721882224641
SM,Null iteration 432,201630,56.18325898099594,1,4,1.99397433611688,1,8.54422663881862
SM,Null iteration 433,201630,56.90384820937623,1,4,1.9939839733242102,1,8.543338514261322
SM,Null iteration 434,201630,56.647998948684744,1,4,1.9940032477388703,1,8.543498731401524
SM,Null iteration 435,201630,56.115021815315174,1,4,1.993979154720545,1,8.543786182164506
SM,Null iteration 436,201630,56.76633034329101,1,4,1.99396469890955,1,8.543977069327372
SM,Null iteration 437,201630,56.44690181785799,1,4,1.9939887919278751,1,8.544096666083703
SM,Null iteration 438,201630,56.8378395945379,1,4,1.9940104756443677,1,8.543566410230724
SM,Null iteration 439,201630,56.273942804755976,1,4,1.993959880305885,1,8.544521601144337
SM,Null iteration 440,201630,56.588500067840926,1,4,1.9939863826260427,1,8.54372421637793
SM,Null iteration 441,201630,56.99610849486403,1,4,1.9939671082113826,1,8.543842432932237
SM,Null iteration 442,201630,56.89400253429375,1,4,1.9939936105315401,1,8.543332090877641
SM,Null iteration 443,201630,56.1689192684067,1,4,1.9939767454187125,1,8.544069886298628
SM,Null iteration 444,201630,57.08928630654491,1,4,1.9939719268150475,1,8.543275393753383
SM,Null iteration 445,201630,56.722509862963356,1,4,1.9939863826260427,1,8.544060648198784
SM,Null iteration 446,201630,56.82747273377548,1,4,1.9940152942480327,1,8.543260409117282
SM,Null iteration 447,201630,56.738376523110354,1,4,1.9939815640223777,1,8.544207918624638
SM,Null iteration 448,201630,56.884017113146456,1,4,1.9939719268150475,1,8.54362711137642
SM,Null iteration 449,201630,56.47246019599999,1,4,1.9939767454187125,1,8.544082709593471
SM,Null iteration 450,201630,56.34141035265229,1,4,1.9939767454187125,1,8.544134892309549
SM,Null iteration 451,201630,56.29743541941526,1,4,1.9939887919278751,1,8.543785097666422
SM,Null iteration 452,201630,56.74884340428866,1,4,1.9939912012297076,1,8.543730838316
SM,Null iteration 453,201630,56.93652106895466,1,4,1.993979154720545,1,8.543339474623494
SM,Null iteration 454,201630,56.596470989221245,1,4,1.9939767454187125,1,8.544095439533582
SM,Null iteration 455,201630,56.580149316374175,1,4,1.9939863826260427,1,8.543665914317193
SM,Null iteration 456,201630,56.21171959011842,1,4,1.9939671082113826,1,8.544495269358732
SM,Null iteration 457,201630,56.34619105058269,1,4,1.99397433611688,1,8.54466931737907
SM,Null iteration 458,201630,56.91875744859198,1,4,1.9939912012297076,1,8.543017647603152
SM,Null iteration 459,201630,56.65562493334975,1,4,1.993979154720545,1,8.543701649242694
SM,Null iteration 460,201630,56.336004672937364,1,4,1.99397433611688,1,8.543791790962505
SM,Null iteration 461,201630,56.67831221915821,1,4,1.9939622896077174,1,8.543316338686973
SM,Null iteration 462,201630,56.40641617517376,1,4,1.993979154720545,1,8.544550736275475
SM,Null iteration 463,201630,56.42595513868886,1,4,1.9939984291352053,1,8.54424062733833
SM,Null iteration 464,201630,56.60962607266968,1,4,1.993979154720545,1,8.54399356760899
SM,Null iteration 465,201630,56.78325728737195,1,4,1.9940104756443677,1,8.543763429163523
SM,Null iteration 466,201630,56.57206867198592,1,4,1.9940080663425352,1,8.543922904776634
SM,Null iteration 467,201630,56.64193759713275,1,4,1.9939936105315401,1,8.543739571472827
SM,Null iteration 468,201630,56.76423820425619,1,4,1.9939839733242102,1,8.543112712091858
SM,Null iteration 469,201630,56.93717233076907,1,4,1.9939719268150475,1,8.54360876648526
SM,Null iteration 470,201630,56.51311968691827,1,4,1.993979154720545,1,8.543526901858982
SM,Null iteration 471,201630,55.93063885340884,1,4,1.9939815640223777,1,8.544145990433012
SM,Null iteration 472,201630,56.60255318571553,1,4,1.9939719268150475,1,8.544230209494438
SM,Null iteration 473,201630,56.45999229539157,1,4,1.993969517513215,1,8.544115571295315
SM,Null iteration 474,201630,56.45914290799391,1,4,1.9939839733242102,1,8.543483229404154
SM,Null iteration 475,201630,56.347836587877424,1,4,1.99397433611688,1,8.543302345889824
SM,Null iteration 476,201630,56.576274924960934,1,4,1.9939863826260427,1,8.543762517080264
SM,Null iteration 477,201630,56.61247169585427,1,4,1.9939767454187125,1,8.543583312612425
SM,Null iteration 478,201630,56.413516054787124,1,4,1.99397433611688,1,8.544324541139025
SM,Null iteration 479,201630,56.342805915180605,1,4,1.9939863826260427,1,8.543635549694914
SM,Null iteration 480,201630,56.23042145536688,1,4,1.9939671082113826,1,8.54453835249243
SM,Null iteration 481,201630,57.23940449420469,1,4,1.993979154720545,1,8.543171326393015
SM,Null iteration 482,201630,56.59628924978604,1,4,1.9939960198333726,1,8.543477598370403
SM,Null iteration 483,201630,56.72872089925819,1,4,1.9939767454187125,1,8.543245522098307
SM,Null iteration 484,201630,56.70082042679035,1,4,1.9939839733242102,1,8.543382361784946
SM,Null iteration 485,201630,55.98344625006236,1,4,1.9940177035498654,1,8.543819123725395
SM,Null iteration 486,201630,56.733376452219666,1,4,1.99397433611688,1,8.544225279134707
SM,Null iteration 487,201630,56.8776304697882,1,4,1.9939839733242102,1,8.543200377217422
SM,Null iteration 488,201630,56.757872402213735,1,4,1.9939767454187125,1,8.543399471599512
SM,Null iteration 489,201630,56.906747947479445,1,4,1.9939815640223777,1,8.543376711340564
SM,Null iteration 490,201630,56.30194508516409,1,4,1.993959880305885,1,8.544520892829915
SM,Null iteration 491,201630,56.98003483383372,1,4,1.9940225221535304,1,8.543075434510202
SM,Null iteration 492,201630,56.41233889727096,1,4,1.99397433611688,1,8.543292439186187
SM,Null iteration 493,201630,56.35336128554451,1,4,1.9939767454187125,1,8.543808515915075
SM,Null iteration 494,201630,56.75478438893078,1,4,1.9939960198333726,1,8.543516344335696
SM,Null iteration 495,201630,56.559785169602634,1,4,1.9939960198333726,1,8.543643287065125
SM,Null iteration 496,201630,56.56020741622706,1,4,1.9939887919278751,1,8.54337791880269
SM,Null iteration 497,201630,56.75327429483512,1,4,1.993979154720545,1,8.543948617024013
SM,Null iteration 498,201630,56.71203086658172,1,4,1.9939767454187125,1,8.543502524086222
SM,Null iteration 499,201630,56.633707121528495,1,4,1.9939863826260427,1,8.543817077853411
SM,Null iteration 500,201630,57.103508910625926,1,4,1.9940152942480327,1,8.543074044074991
SM,Null iteration 501,201630,56.85974218513462,1,4,1.9939719268150475,1,8.543559435414217
SM,Null iteration 502,201630,56.37645176477749,1,4,1.993969517513215,1,8.544144492789199
SM,Null iteration 503,201630,56.09349506942061,1,4,1.9939767454187125,1,8.5443691539294
SM,Null iteration 504,201630,56.52706554811073,1,4,1.9939767454187125,1,8.544067183914343
SM,Null iteration 505,201630,56.913241298363836,1,4,1.9939815640223777,1,8.543917550824055
SM,Null iteration 506,201630,56.847833578257394,1,4,1.993979154720545,1,8.543708555405173
SM,Null iteration 507,201630,56.58381484616109,1,4,1.9939815640223777,1,8.543581108510718
SM,Null iteration 508,201630,56.621010882408825,1,4,1.9939767454187125,1,8.543544509766328
SM,Null iteration 509,201630,56.373647791976396,1,4,1.9939960198333726,1,8.543874571110846
SM,Null iteration 510,201630,56.36194633666066,1,4,1.9940177035498654,1,8.543431393804791
SM,Null iteration 511,201630,56.75687651709648,1,4,1.9939815640223777,1,8.54395171164663
SM,Null iteration 512,201630,57.06397729999833,1,4,1.9939719268150475,1,8.543026649655678
SM,Null iteration 513,201630,56.41500193092635,1,4,1.994020112851698,1,8.54433532863481
SM,Null iteration 514,201630,56.02954186848776,1,4,1.9939671082113826,1,8.54476510992229
SM,Null iteration 515,201630,56.21750882664256,1,4,1.9939719268150475,1,8.54461027853966
SM,Null iteration 516,201630,56.689375197961915,1,4,1.993979154720545,1,8.54360855709033
SM,Null iteration 517,201630,56.817821703830795,1,4,1.9939719268150475,1,8.54384800280646
SM,Null iteration 518,201630,56.59808206833993,1,4,1.99397433611688,1,8.544188454453144
SM,Null iteration 519,201630,56.47933996403138,1,4,1.9939863826260427,1,8.544178960628097
SM,Null iteration 520,201630,56.57594187209868,1,4,1.9939815640223777,1,8.544026000512542
SM,Null iteration 521,201630,56.43398494227243,1,4,1.99397433611688,1,8.5438647466687
SM,Null iteration 522,201630,56.56025428277766,1,4,1.9940080663425352,1,8.543595640638841
SM,Null iteration 523,201630,56.39291865758339,1,4,1.9939960198333726,1,8.544290515787216
SM,Null iteration 524,201630,56.69129659997736,1,4,1.9939984291352053,1,8.543891589001328
SM,Null iteration 525,201630,56.91066665353589,1,4,1.9940080663425352,1,8.542779784124933
SM,Null iteration 526,201630,56.539285859121705,1,4,1.9939719268150475,1,8.544474246384397
SM,Null iteration 527,201630,56.421934682105736,1,4,1.993969517513215,1,8.543694235271905
SM,Null iteration 528,201630,56.56185007041472,1,4,1.9939815640223777,1,8.544177667809224
SM,Null iteration 529,201630,56.57977975446008,1,4,1.9939815640223777,1,8.54416784977923
SM,Null iteration 530,201630,56.333915904339136,1,4,1.993969517513215,1,8.544131704311598
SM,Null iteration 531,201630,56.38734281905468,1,4,1.9939719268150475,1,8.544049758108113
SM,Null iteration 532,201630,56.62541240920796,1,4,1.9939767454187125,1,8.543536417712714
SM,Null iteration 533,201630,56.248337854176654,1,4,1.994039387266358,1,8.54379882368969
SM,Null iteration 534,201630,56.40863674013593,1,4,1.9939936105315401,1,8.543952433254255
SM,Null iteration 535,201630,56.466144577584686,1,4,1.9940008384370378,1,8.54390099239538
SM,Null iteration 536,201630,57.257052978114984,1,4,1.993979154720545,1,8.543296939371004
SM,Null iteration 537,201630,56.37546244289638,1,4,1.99396469890955,1,8.544123880409126
SM,Null iteration 538,201630,56.12421521085979,1,4,1.9939887919278751,1,8.5442586144597
SM,Null iteration 539,201630,56.5451966046123,1,4,1.9939815640223777,1,8.54408792769842
SM,Null iteration 540,201630,56.49982053821479,1,4,1.9940008384370378,1,8.54415799823787
SM,Null iteration 541,201630,56.936409775853846,1,4,1.9939863826260427,1,8.543313614184832
SM,Null iteration 542,201630,56.447219471775306,1,4,1.9939719268150475,1,8.544393058761857
SM,Null iteration 543,201630,56.31056643747583,1,4,1.99397433611688,1,8.544491572044112
SM,Null iteration 544,201630,56.70985323148406,1,4,1.9939936105315401,1,8.543792210026126
SM,Null iteration 545,201630,56.571823802578024,1,4,1.9939767454187125,1,8.543939429943022
SM,Null iteration 546,201630,56.661123196342416,1,4,1.994020112851698,1,8.543600808003577
SM,Null iteration 547,201630,56.54486123495003,1,4,1.9940032477388703,1,8.543155359729178
SM,Null iteration 548,201630,56.25855267179031,1,4,1.993969517513215,1,8.54419272368183
SM,Null iteration 549,201630,56.67626352985812,1,4,1.99397433611688,1,8.543679489549806
SM,Null iteration 550,201630,56.2515589715856,1,4,1.9939767454187125,1,8.54378770919881
SM,Null iteration 551,201630,56.6624592174922,1,4,1.9939960198333726,1,8.543614556567587
SM,Null iteration 552,201630,56.8575485290597,1,4,1.9939839733242102,1,8.543820938745602
SM,Null iteration 553,201630,56.39792389403307,1,4,1.9939767454187125,1,8.544014250058991
SM,Null iteration 554,201630,56.480067958539365,1,4,1.993969517513215,1,8.543754964708686
SM,Null iteration 555,201630,56.907648903746036,1,4,1.9939912012297076,1,8.543477929399357
SM,Null iteration 556,201630,56.624500338703555,1,4,1.9939719268150475,1,8.544113291439563
SM,Null iteration 557,201630,56.67785832604952,1,4,1.9939912012297076,1,8.543584223821338
SM,Null iteration 558,201630,56.78794229766992,1,4,1.9939815640223777,1,8.543806391834147
SM,Null iteration 559,201630,56.64170209986911,1,4,1.993969517513215,1,8.544152840403308
SM,Null iteration 560,201630,56.72438361862693,1,4,1.9939815640223777,1,8.543775242128735
SM,Null iteration 561,201630,56.829575619348496,1,4,1.9939863826260427,1,8.543179086943356
SM,Null iteration 562,201630,56.66504230653925,1,4,1.9939719268150475,1,8.543715321231387
SM,Null iteration 563,201630,56.7655165809268,1,4,1.9940008384370378,1,8.543653835104484
SM,Null iteration 564,201630,56.45686490440126,1,4,1.9939719268150475,1,8.544278927445616
SM,Null iteration 565,201630,56.564704809297936,1,4,1.9939622896077174,1,8.543952213555643
SM,Null iteration 566,201630,56.67812978229583,1,4,1.9939960198333726,1,8.543791693855557
SM,Null iteration 567,201630,57.08141266442924,1,4,1.9940056570407028,1,8.5428932822979
SM,Null iteration 568,201630,56.72282487810361,1,4,1.993979154720545,1,8.543893767720594
SM,Null iteration 569,201630,56.67143686859027,1,4,1.993979154720545,1,8.543435013985617
SM,Null iteration 570,201630,55.958337191617744,1,4,1.9939839733242102,1,8.544086081148922
SM,Null iteration 571,201630,56.08329274920038,1,4,1.99396469890955,1,8.543967693516457
SM,Null iteration 572,201630,57.01875377291948,1,4,1.9939912012297076,1,8.543595217986859
SM,Null iteration 573,201630,56.27439145580526,1,4,1.9939839733242102,1,8.54381395635309
SM,Null iteration 574,201630,56.50288903860468,1,4,1.99397433611688,1,8.543779761351614
SM,Null iteration 575,201630,56.44240627868891,1,4,1.9940369779645255,1,8.543143708395109
SM,Null iteration 576,201630,56.54022574482528,1,4,1.993979154720545,1,8.543859661822603
SM,Null iteration 577,201630,56.31764169545481,1,4,1.9939815640223777,1,8.544020997279244
SM,Null iteration 578,201630,56.894283731121206,1,4,1.9939767454187125,1,8.543078648089319
SM,Null iteration 579,201630,56.4644420267708,1,4,1.9939815640223777,1,8.544185673304863
SM,Null iteration 580,201630,56.817161948101955,1,4,1.9939767454187125,1,8.543888174786831
SM,Null iteration 581,201630,57.19476593492094,1,4,1.9939839733242102,1,8.543255095772828
SM,Null iteration 582,201630,56.330431493850014,1,4,1.9939984291352053,1,8.543918634184507
SM,Null iteration 583,201630,56.66328222141539,1,4,1.9940008384370378,1,8.543776457900341
SM,Null iteration 584,201630,56.71953513080462,1,4,1.9939719268150475,1,8.544017942028905
SM,Null iteration 585,201630,56.73675848017551,1,4,1.9939839733242102,1,8.543750601767439
SM,Null iteration 586,201630,56.83694398641171,1,4,1.9939960198333726,1,8.543257292021565
SM,Null iteration 587,201630,56.43334399580075,1,4,1.9939719268150475,1,8.543736957311824
SM,Null iteration 588,201630,56.32670269940549,1,4,1.9939936105315401,1,8.544097275169383
SM,Null iteration 589,201630,56.71892474692086,1,4,1.9939912012297076,1,8.543574805434256
SM,Null iteration 590,201630,56.72004273294742,1,4,1.9939815640223777,1,8.543597111809465
SM,Null iteration 591,201630,56.547124022281494,1,4,1.9939815640223777,1,8.544037506207783
SM,Null iteration 592,201630,57.073881495739975,1,4,1.993969517513215,1,8.543307357272589
SM,Null iteration 593,201630,56.92932866414809,1,4,1.9940032477388703,1,8.542877841134883
SM,Null iteration 594,201630,56.28421916481088,1,4,1.993969517513215,1,8.543955355875605
SM,Null iteration 595,201630,56.64988997190264,1,4,1.993969517513215,1,8.54443988296085
SM,Null iteration 596,201630,56.72401659876617,1,4,1.9939839733242102,1,8.543561813389706
SM,Null iteration 597,201630,56.87967621777665,1,4,1.9939912012297076,1,8.543660720377973
SM,Null iteration 598,201630,56.64618286656467,1,4,1.9939887919278751,1,8.543794056344233
SM,Null iteration 599,201630,56.058186564401325,1,4,1.9939863826260427,1,8.544384655926672
SM,Null iteration 600,201630,56.85212309789351,1,4,1.9939887919278751,1,8.54366323502275
SM,Null iteration 601,201630,56.73754864366201,1,4,1.9940032477388703,1,8.543477655475408
SM,Null iteration 602,201630,56.62488689269858,1,4,1.9939887919278751,1,8.543810163891703
SM,Null iteration 603,201630,56.85311008343038,1,4,1.9939863826260427,1,8.543483107526047
SM,Null iteration 604,201630,56.45812126113456,1,4,1.9940056570407028,1,8.543939323863993
SM,Null iteration 605,201630,56.859253563903835,1,4,1.9939815640223777,1,8.54379108900201
SM,Null iteration 606,201630,56.89777531615384,1,4,1.993979154720545,1,8.543217450100197
SM,Null iteration 607,201630,56.85914956807055,1,4,1.9939887919278751,1,8.543644390564914
SM,Null iteration 608,201630,56.764673242171085,1,4,1.9939863826260427,1,8.543953128006976
SM,Null iteration 609,201630,57.18166993304183,1,4,1.9940080663425352,1,8.542369723310955
SM,Null iteration 610,201630,56.26516308786426,1,4,1.99397433611688,1,8.544127866598682
SM,Null iteration 611,201630,56.682779841537084,1,4,1.993969517513215,1,8.54406998027675
SM,Null iteration 612,201630,56.865838519821516,1,4,1.9939984291352053,1,8.543719794843732
SM,Null iteration 613,201630,56.838277528070904,1,4,1.9939622896077174,1,8.544453102728667
SM,Null iteration 614,201630,56.51719180257246,1,4,1.9940080663425352,1,8.543516948546214
SM,Null iteration 615,201630,56.38501779154978,1,4,1.9939767454187125,1,8.54440856248369
SM,Null iteration 616,201630,56.747716146538366,1,4,1.9939960198333726,1,8.543650920177159
SM,Null iteration 617,201630,56.65882120234843,1,4,1.993979154720545,1,8.54367222065969
SM,Null iteration 618,201630,56.70132836408157,1,4,1.9939839733242102,1,8.543866512111281
SM,Null iteration 619,201630,56.79312513398134,1,4,1.9940080663425352,1,8.543776744268563
SM,Null iteration 620,201630,56.74447191386416,1,4,1.9939839733242102,1,8.543771086774573
SM,Null iteration 621,201630,56.22103302771747,1,4,1.9939574710040524,1,8.544015988243983
SM,Null iteration 622,201630,56.69078922022504,1,4,1.993969517513215,1,8.544193402202067
SM,Null iteration 623,201630,56.64376619447932,1,4,1.9939815640223777,1,8.544063300473828
SM,Null iteration 624,201630,56.960738142774055,1,4,1.99397433611688,1,8.543928962677422
SM,Null iteration 625,201630,56.1377141555887,1,4,1.993979154720545,1,8.544222195383107
SM,Null iteration 626,201630,56.61711367519094,1,4,1.9939719268150475,1,8.543827497751908
SM,Null iteration 627,201630,56.44205874339548,1,4,1.9939767454187125,1,8.544591101417922
SM,Null iteration 628,201630,56.39821826169663,1,4,1.99397433611688,1,8.544262041823673
SM,Null iteration 629,201630,56.196184113433944,1,4,1.9939622896077174,1,8.544778522060852
SM,Null iteration 630,201630,56.74165943880743,1,4,1.9940080663425352,1,8.543756355650883
SM,Null iteration 631,201630,56.56207789901041,1,4,1.9940008384370378,1,8.543595910657109
SM,Null iteration 632,201630,56.47890805336404,1,4,1.9939767454187125,1,8.543937609634341
SM,Null iteration 633,201630,56.71988011840796,1,4,1.9940032477388703,1,8.543588213182591
SM,Null iteration 634,201630,56.530185859051,1,4,1.9939719268150475,1,8.543927698935848
SM,Null iteration 635,201630,56.39966809356416,1,4,1.9940128849462002,1,8.544122251909304
SM,Null iteration 636,201630,56.454676964885365,1,4,1.993979154720545,1,8.54396584619387
SM,Null iteration 637,201630,56.90684118194278,1,4,1.9939671082113826,1,8.543488934290158
SM,Null iteration 638,201630,56.53536615928688,1,4,1.9939622896077174,1,8.544388020186927
SM,Null iteration 639,201630,56.91444632361326,1,4,1.993979154720545,1,8.54354862024968
SM,Null iteration 640,201630,56.80836833814359,1,4,1.9939671082113826,1,8.543711971973229
SM,Null iteration 641,201630,56.34690561986275,1,4,1.9939839733242102,1,8.54449306443618
SM,Null iteration 642,201630,56.28755197449456,1,4,1.9939767454187125,1,8.543590887290463
SM,Null iteration 643,201630,55.90511769202909,1,4,1.9939767454187125,1,8.54428297980907
SM,Null iteration 644,201630,56.21220686993229,1,4,1.9939815640223777,1,8.544139955447962
SM,Null iteration 645,201630,56.533907818994955,1,4,1.993969517513215,1,8.544493235078221
SM,Null iteration 646,201630,56.84793756680634,1,4,1.9939815640223777,1,8.543584301126439
SM,Null iteration 647,201630,56.27368938078938,1,4,1.9939671082113826,1,8.544728587297884
SM,Null iteration 648,201630,56.720954015883365,1,4,1.9940056570407028,1,8.54348503242329
SM,Null iteration 649,201630,56.70445376277069,1,4,1.99397433611688,1,8.54365505410543
SM,Null iteration 650,201630,56.83380243005999,1,4,1.9939839733242102,1,8.54308002997281
SM,Null iteration 651,201630,56.701772259036176,1,4,1.9939912012297076,1,8.543719529621391
SM,Null iteration 652,201630,56.51364549572513,1,4,1.99397433611688,1,8.54404596963328
SM,Null iteration 653,201630,56.61847494996606,1,4,1.9940056570407028,1,8.543585810945814
SM,Null iteration 654,201630,56.38789360970579,1,4,1.993979154720545,1,8.543902932325581
SM,Null iteration 655,201630,56.62250654862669,1,4,1.9939936105315401,1,8.543661438814611
SM,Null iteration 656,201630,56.62353924363445,1,4,1.99397433611688,1,8.543873894763859
SM,Null iteration 657,201630,56.7590480928541,1,4,1.9939767454187125,1,8.543787406341021
SM,Null iteration 658,201630,56.32453848244034,1,4,1.9939912012297076,1,8.543878916823223
SM,Null iteration 659,201630,56.46324566982838,1,4,1.9939887919278751,1,8.543715049759582
SM,Null iteration 660,201630,56.63461510738339,1,4,1.9939887919278751,1,8.543627797064786
SM,Null iteration 661,201630,56.234762975446344,1,4,1.9939887919278751,1,8.54381162311681
SM,Null iteration 662,201630,56.64566690645735,1,4,1.99397433611688,1,8.543960043157183
SM,Null iteration 663,201630,56.226407628731856,1,4,1.9939887919278751,1,8.544161226336868
SM,Null iteration 664,201630,56.29224565051544,1,4,1.993969517513215,1,8.544392479086495
SM,Null iteration 665,201630,56.79500969351836,1,4,1.9939936105315401,1,8.543976698860407
SM,Null iteration 666,201630,56.63942532557013,1,4,1.9939815640223777,1,8.544000641796638
SM,Null iteration 667,201630,56.6460782421089,1,4,1.99397433611688,1,8.544434981652467
SM,Null iteration 668,201630,56.472410783287785,1,4,1.993969517513215,1,8.544665490277914
SM,Null iteration 669,201630,57.153834899312216,1,4,1.9940056570407028,1,8.543286072814743
SM,Null iteration 670,201630,56.74423073024393,1,4,1.9939912012297076,1,8.54347275115108
SM,Null iteration 671,201630,56.47921574859985,1,4,1.9939839733242102,1,8.543589284048581
SM,Null iteration 672,201630,56.41347672516154,1,4,1.993959880305885,1,8.54418729342447
SM,Null iteration 673,201630,56.94510956332718,1,4,1.99397433611688,1,8.544006541419675
SM,Null iteration 674,201630,57.02515943960675,1,4,1.9940297500590278,1,8.543428280317496
SM,Null iteration 675,201630,56.692948828666985,1,4,1.9939936105315401,1,8.543575460788519
SM,Null iteration 676,201630,55.838754790616065,1,4,1.993969517513215,1,8.54469898414797
SM,Null iteration 677,201630,56.88767773903855,1,4,1.9940080663425352,1,8.543281840221537
SM,Null iteration 678,201630,56.64504551245777,1,4,1.9941020291140032,1,8.543216057884155
SM,Null iteration 679,201630,56.94526217921988,1,4,1.9939719268150475,1,8.543749470553767
SM,Null iteration 680,201630,56.60814995589754,1,4,1.9939815640223777,1,8.54378331983759
SM,Null iteration 681,201630,56.46706267700619,1,4,1.99396469890955,1,8.544678058085507
SM,Null iteration 682,201630,56.84343721484179,1,4,1.9939960198333726,1,8.5434931926208
SM,Null iteration 683,201630,56.77805926965992,1,4,1.9940008384370378,1,8.5436750992432
SM,Null iteration 684,201630,56.55856301439053,1,4,1.9939887919278751,1,8.543816095010735
SM,Null iteration 685,201630,56.36078898639141,1,4,1.9939767454187125,1,8.544204123437025
SM,Null iteration 686,201630,56.56246187805048,1,4,1.99397433611688,1,8.543884678492427
SM,Null iteration 687,201630,56.42825259956626,1,4,1.9939960198333726,1,8.543567959954451
SM,Null iteration 688,201630,57.01161776267975,1,4,1.9939912012297076,1,8.543160894349196
SM,Null iteration 689,201630,56.77894672831067,1,4,1.9939839733242102,1,8.543694778783106
SM,Null iteration 690,201630,56.39889522258318,1,4,1.99396469890955,1,8.544566936939411
SM,Null iteration 691,201630,56.64221351707919,1,4,1.9939912012297076,1,8.543394839289682
SM,Null iteration 692,201630,56.89705465896833,1,4,1.9939960198333726,1,8.54347854791067
SM,Null iteration 693,201630,56.73874414706543,1,4,1.99397433611688,1,8.54412536341202
SM,Null iteration 694,201630,55.950523846766046,1,4,1.9940225221535304,1,8.544158852471822
SM,Null iteration 695,201630,57.09186704532398,1,4,1.993979154720545,1,8.543742108425997
SM,Null iteration 696,201630,55.900149252943464,1,4,1.9939767454187125,1,8.544108587053412
SM,Null iteration 697,201630,56.56581692186437,1,4,1.99397433611688,1,8.543826360666218
SM,Null iteration 698,201630,56.38443769985036,1,4,1.99397433611688,1,8.544272735091937
SM,Null iteration 699,201630,56.407723600302944,1,4,1.9939984291352053,1,8.543936263188456
SM,Null iteration 700,201630,56.67924985514824,1,4,1.9940369779645255,1,8.543666556132775
SM,Null iteration 701,201630,56.64763445460167,1,4,1.9939719268150475,1,8.543999943226066
SM,Null iteration 702,201630,56.499323451672964,1,4,1.993979154720545,1,8.543905551460758
SM,Null iteration 703,201630,56.953463929101815,1,4,1.993979154720545,1,8.54329867866507
SM,Null iteration 704,201630,56.65962976574477,1,4,1.9939863826260427,1,8.544046737360198
SM,Null iteration 705,201630,56.767925834460904,1,4,1.9939622896077174,1,8.543859236977493
SM,Null iteration 706,201630,56.59152405694837,1,4,1.9939887919278751,1,8.543919399843226
SM,Null iteration 707,201630,56.34335609912313,1,4,1.9939887919278751,1,8.54381413497753
SM,Null iteration 708,201630,56.637870577388696,1,4,1.993969517513215,1,8.544165828030048
SM,Null iteration 709,201630,56.73777705160123,1,4,1.9939815640223777,1,8.543881100807003
SM,Null iteration 710,201630,56.503879472720506,1,4,1.9939767454187125,1,8.54386070344871
SM,Null iteration 711,201630,56.145412209403176,1,4,1.9939887919278751,1,8.543812825046485
SM,Null iteration 712,201630,56.855355059732716,1,4,1.99397433611688,1,8.54353125928027
SM,Null iteration 713,201630,56.07448942961388,1,4,1.9939887919278751,1,8.544012475466554
SM,Null iteration 714,201630,56.4188694260893,1,4,1.9939912012297076,1,8.543150221219145
SM,Null iteration 715,201630,55.97646649645476,1,4,1.9939984291352053,1,8.54373834432943
SM,Null iteration 716,201630,56.37182787485429,1,4,1.9939936105315401,1,8.544370062093092
SM,Null iteration 717,201630,56.6845472091723,1,4,1.9939912012297076,1,8.543947128993809
SM,Null iteration 718,201630,56.68295589425603,1,4,1.9939887919278751,1,8.543878624859977
SM,Null iteration 719,201630,56.842407616803015,1,4,1.9939912012297076,1,8.543735123328414
SM,Null iteration 720,201630,56.626181148479674,1,4,1.9939863826260427,1,8.543690055902808
SM,Null iteration 721,201630,57.06516542143053,1,4,1.9939671082113826,1,8.543566675474782
SM,Null iteration 722,201630,56.985997789643235,1,4,1.9939912012297076,1,8.54295690830063
SM,Null iteration 723,201630,56.3260880186854,1,4,1.9940056570407028,1,8.543611101307532
SM,Null iteration 724,201630,56.73466315961585,1,4,1.9939815640223777,1,8.543675141251873
SM,Null iteration 725,201630,56.720561001722416,1,4,1.9939767454187125,1,8.544172479724141
SM,Null iteration 726,201630,56.57139190555684,1,4,1.9939936105315401,1,8.544310603290443
SM,Null iteration 727,201630,56.902840535215184,1,4,1.9940032477388703,1,8.543676807523939
SM,Null iteration 728,201630,56.995671128719124,1,4,1.9939839733242102,1,8.543362224034889
SM,Null iteration 729,201630,56.79033483406508,1,4,1.993979154720545,1,8.543852728755025
SM,Null iteration 730,201630,56.56596732980461,1,4,1.9939912012297076,1,8.544006776122204
SM,Null iteration 731,201630,57.114773530498496,1,4,1.9939984291352053,1,8.543432723397482
SM,Null iteration 732,201630,56.76651522892458,1,4,1.9939960198333726,1,8.543615833569874
SM,Null iteration 733,201630,56.65469926506578,1,4,1.9939960198333726,1,8.543669540655294
SM,Null iteration 734,201630,56.44406140731893,1,4,1.9939767454187125,1,8.543607248656588
SM,Null iteration 735,201630,56.71223620249779,1,4,1.994109257019501,1,8.543039561215164
SM,Null iteration 736,201630,56.66586379396898,1,4,1.9939887919278751,1,8.543586731752153
SM,Null iteration 737,201630,56.33056179618289,1,4,1.9939767454187125,1,8.544092385426174
SM,Null iteration 738,201630,56.96418738750616,1,4,1.9939912012297076,1,8.543089242059775
SM,Null iteration 739,201630,56.88915123131958,1,4,1.993969517513215,1,8.543834801929494
SM,Null iteration 740,201630,56.77657520240098,1,4,1.99396469890955,1,8.543606507657708
SM,Null iteration 741,201630,56.57588662200345,1,4,1.9939719268150475,1,8.543910308623808
SM,Null iteration 742,201630,56.06352371334396,1,4,1.9939671082113826,1,8.54419515162735
SM,Null iteration 743,201630,56.50792449711439,1,4,1.993979154720545,1,8.544126798839171
SM,Null iteration 744,201630,56.23613764888201,1,4,1.9939863826260427,1,8.544336977928833
SM,Null iteration 745,201630,56.55436300583162,1,4,1.993959880305885,1,8.544356643586523
SM,Null iteration 746,201630,56.924375687134344,1,4,1.9940008384370378,1,8.54276990558507
SM,Null iteration 747,201630,56.892246250538605,1,4,1.9939887919278751,1,8.54373275709264
SM,Null iteration 748,201630,57.10020100292759,1,4,1.9939863826260427,1,8.543357659964503
SM,Null iteration 749,201630,56.57166245714785,1,4,1.9939767454187125,1,8.543381991586276
SM,Null iteration 750,201630,56.66082269008092,1,4,1.9939767454187125,1,8.543628715634958
SM,Null iteration 751,201630,56.8390284897157,1,4,1.9939887919278751,1,8.543788516448553
SM,Null iteration 752,201630,56.215299465349155,1,4,1.9939887919278751,1,8.544586586888649
SM,Null iteration 753,201630,56.83298121495186,1,4,1.9939671082113826,1,8.544049920518603
SM,Null iteration 754,201630,56.757756402288706,1,4,1.993969517513215,1,8.543863511022614
SM,Null iteration 755,201630,56.69357799270192,1,4,1.993979154720545,1,8.54376139541624
SM,Null iteration 756,201630,56.88965110518737,1,4,1.9939815640223777,1,8.543511153286563
SM,Null iteration 757,201630,56.48176416382881,1,4,1.9940104756443677,1,8.544203153746896
SM,Null iteration 758,201630,56.80541600136803,1,4,1.99397433611688,1,8.543655055594792
SM,Null iteration 759,201630,56.51812439477672,1,4,1.993979154720545,1,8.544087196367627
SM,Null iteration 760,201630,57.2145884845669,1,4,1.9939863826260427,1,8.543327676335004
SM,Null iteration 761,201630,56.73406219709749,1,4,1.9939936105315401,1,8.543011955371952
SM,Null iteration 762,201630,56.6589123344796,1,4,1.9942369500166242,1,8.543166146635768
SM,Null iteration 763,201630,56.59122616173183,1,4,1.9939767454187125,1,8.544360769416935
SM,Null iteration 764,201630,56.757472139078686,1,4,1.9939767454187125,1,8.543566404622377
SM,Null iteration 765,201630,56.48865861010443,1,4,1.993969517513215,1,8.544166894764196
SM,Null iteration 766,201630,56.998637680561124,1,4,1.9939936105315401,1,8.543077976476091
SM,Null iteration 767,201630,56.729340645144674,1,4,1.99397433611688,1,8.544173157122643
SM,Null iteration 768,201630,56.57330866590502,1,4,1.9939839733242102,1,8.543854278210942
SM,Null iteration 769,201630,56.65780548306539,1,4,1.9939719268150475,1,8.543705505278307
SM,Null iteration 770,201630,56.67143702420141,1,4,1.9939984291352053,1,8.54373941730904
SM,Null iteration 771,201630,56.62447992115398,1,4,1.9939887919278751,1,8.543723611553482
SM,Null iteration 772,201630,56.94400626636598,1,4,1.9939839733242102,1,8.543858810819806
SM,Null iteration 773,201630,55.76841880223421,1,4,1.994034568662693,1,8.544625038027924
SM,Null iteration 774,201630,56.68968058250731,1,4,1.993979154720545,1,8.543666697481775
SM,Null iteration 775,201630,57.05532740435457,1,4,1.9939767454187125,1,8.543692854240277
SM,Null iteration 776,201630,56.81266996685443,1,4,1.9940249314553629,1,8.54246670625715
SM,Null iteration 777,201630,56.54807169323297,1,4,1.9939936105315401,1,8.543688136463416
SM,Null iteration 778,201630,56.71628530486737,1,4,1.9939887919278751,1,8.543911943791148
SM,Null iteration 779,201630,56.47778749807959,1,4,1.993979154720545,1,8.544174622873545
SM,Null iteration 780,201630,56.58177599566555,1,4,1.993969517513215,1,8.543619051522807
SM,Null iteration 781,201630,56.39053564558989,1,4,1.9940032477388703,1,8.544064836892064
SM,Null iteration 782,201630,56.64718861717387,1,4,1.9939815640223777,1,8.543789329489751
SM,Null iteration 783,201630,56.00935114297944,1,4,1.9939936105315401,1,8.543990556997926
SM,Null iteration 784,201630,57.08179613878768,1,4,1.9939912012297076,1,8.543245480427641
SM,Null iteration 785,201630,56.7310134429877,1,4,1.9940104756443677,1,8.543654921435751
SM,Null iteration 786,201630,56.892323965579465,1,4,1.993979154720545,1,8.543756798189813
SM,Null iteration 787,201630,56.88839469670503,1,4,1.9939815640223777,1,8.543685897044035
SM,Null iteration 788,201630,56.799527633392906,1,4,1.9939671082113826,1,8.543940096197575
SM,Null iteration 789,201630,56.66360530929062,1,4,1.99397433611688,1,8.543740986933173
SM,Null iteration 790,201630,56.90320255506299,1,4,1.9940249314553629,1,8.54388215324912
SM,Null iteration 791,201630,55.901923525806005,1,4,1.9939863826260427,1,8.544673162434053
SM,Null iteration 792,201630,55.884189430847755,1,4,1.9939815640223777,1,8.54416642487392
SM,Null iteration 793,201630,56.664374603582054,1,4,1.9939984291352053,1,8.543653167735666
SM,Null iteration 794,201630,57.00201619831783,1,4,1.9940056570407028,1,8.543209705159173
SM,Null iteration 795,201630,56.39575967277689,1,4,1.994020112851698,1,8.543937191994392
SM,Null iteration 796,201630,56.51705400280119,1,4,1.99396469890955,1,8.54422332924938
SM,Null iteration 797,201630,56.54733655635343,1,4,1.99397433611688,1,8.544210507796604
SM,Null iteration 798,201630,56.441828224055925,1,4,1.9939839733242102,1,8.54355076227206
SM,Null iteration 799,201630,56.415493088097094,1,4,1.9939863826260427,1,8.543264463897142
SM,Null iteration 800,201630,56.73933880829932,1,4,1.9939815640223777,1,8.543719449293597
SM,Null iteration 801,201630,56.52096118692839,1,4,1.9940008384370378,1,8.543826245561858
SM,Null iteration 802,201630,56.56769621568311,1,4,1.9939863826260427,1,8.543436698310664
SM,Null iteration 803,201630,56.86501212091291,1,4,1.9939887919278751,1,8.54280496976616
SM,Null iteration 804,201630,56.56569136550159,1,4,1.9939887919278751,1,8.54428977976827
SM,Null iteration 805,201630,56.90298481337472,1,4,1.993979154720545,1,8.543241692976988
SM,Null iteration 806,201630,56.93187500549699,1,4,1.9939839733242102,1,8.543486398334888
SM,Null iteration 807,201630,57.12145887290704,1,4,1.9939960198333726,1,8.543543256978587
SM,Null iteration 808,201630,56.81900004426052,1,4,1.9940008384370378,1,8.543815660469301
SM,Null iteration 809,201630,56.03055077122678,1,4,1.9939984291352053,1,8.54371302760727
SM,Null iteration 810,201630,55.8826344848884,1,4,1.9939815640223777,1,8.544233649160786
SM,Null iteration 811,201630,56.45117308830835,1,4,1.993979154720545,1,8.543911212786156
SM,Null iteration 812,201630,56.928909326106094,1,4,1.9939815640223777,1,8.543783464176023
SM,Null iteration 813,201630,56.334603128286524,1,4,1.9939912012297076,1,8.543382195437703
SM,Null iteration 814,201630,56.622494181033346,1,4,1.99396469890955,1,8.544162304294325
SM,Null iteration 815,201630,56.579860930621805,1,4,1.9939984291352053,1,8.543640942658387
SM,Null iteration 816,201630,56.54659273885873,1,4,1.9939815640223777,1,8.543688299537804
SM,Null iteration 817,201630,56.81561120937921,1,4,1.993979154720545,1,8.543955285400454
SM,Null iteration 818,201630,56.90970180836469,1,4,1.9939863826260427,1,8.543290150282273
SM,Null iteration 819,201630,56.87368894975564,1,4,1.9940008384370378,1,8.543671091788154
SM,Null iteration 820,201630,56.89427505989977,1,4,1.9939984291352053,1,8.543579130066806
SM,Null iteration 821,201630,56.83825895416197,1,4,1.9939863826260427,1,8.543122076469736
SM,Null iteration 822,201630,55.88336818504818,1,4,1.9940008384370378,1,8.543875525401765
SM,Null iteration 823,201630,56.551650847312786,1,4,1.993969517513215,1,8.544037090568263
SM,Null iteration 824,201630,56.8550587607849,1,4,1.9939719268150475,1,8.543424239597833
SM,Null iteration 825,201630,56.75111738106634,1,4,1.99397433611688,1,8.544153653021931
SM,Null iteration 826,201630,56.438809989768885,1,4,1.9939767454187125,1,8.543943070680292
SM,Null iteration 827,201630,56.639749646713334,1,4,1.993979154720545,1,8.543823500302642
SM,Null iteration 828,201630,56.73319323206675,1,4,1.99397433611688,1,8.54389114693636
SM,Null iteration 829,201630,56.34293080020055,1,4,1.993979154720545,1,8.544325704417105
SM,Null iteration 830,201630,56.93819376422379,1,4,1.9939887919278751,1,8.543515155643796
SM,Null iteration 831,201630,56.319059956505505,1,4,1.993979154720545,1,8.544238780770854
SM,Null iteration 832,201630,56.90241824604809,1,4,1.9939936105315401,1,8.543055321278494
SM,Null iteration 833,201630,56.74515353848757,1,4,1.9939815640223777,1,8.543205440809574
SM,Null iteration 834,201630,56.793830370611246,1,4,1.9939767454187125,1,8.543506331964284
SM,Null iteration 835,201630,56.45925590747325,1,4,1.9939936105315401,1,8.544482977229334
SM,Null iteration 836,201630,56.57730531384146,1,4,1.99397433611688,1,8.543552867635473
SM,Null iteration 837,201630,57.18520173947185,1,4,1.993969517513215,1,8.543261135805459
SM,Null iteration 838,201630,56.6839055127232,1,4,1.9940297500590278,1,8.54302684580584
SM,Null iteration 839,201630,56.58733691073364,1,4,1.993979154720545,1,8.544203867143086
SM,Null iteration 840,201630,56.701354375053995,1,4,1.9939839733242102,1,8.54417769305328
SM,Null iteration 841,201630,56.5688682007305,1,4,1.9939936105315401,1,8.543495568343998
SM,Null iteration 842,201630,56.560623574996114,1,4,1.9939912012297076,1,8.543912113644259
SM,Null iteration 843,201630,56.7113116064061,1,4,1.9939815640223777,1,8.543688200380664
SM,Null iteration 844,201630,56.72277700822754,1,4,1.99397433611688,1,8.544012750086276
SM,Null iteration 845,201630,56.81209483341982,1,4,1.9939767454187125,1,8.543559525821891
SM,Null iteration 846,201630,56.75400996501749,1,4,1.99397433611688,1,8.543999968723691
SM,Null iteration 847,201630,56.087860562073416,1,4,1.9939863826260427,1,8.544390807572452
SM,Null iteration 848,201630,56.758135645842614,1,4,1.9939767454187125,1,8.543843831660782
SM,Null iteration 849,201630,56.945104326062314,1,4,1.9939839733242102,1,8.543186181377294
SM,Null iteration 850,201630,56.4965941546575,1,4,1.993979154720545,1,8.54415462479883
SM,Null iteration 851,201630,56.16751948892756,1,4,1.99397433611688,1,8.544634684540663
SM,Null iteration 852,201630,56.7881782873342,1,4,1.9939767454187125,1,8.544153234884762
SM,Null iteration 853,201630,56.73410793604688,1,4,1.9939815640223777,1,8.543806492474218
SM,Null iteration 854,201630,56.181331522986625,1,4,1.9939671082113826,1,8.54463170141594
SM,Null iteration 855,201630,56.84321844695215,1,4,1.9939912012297076,1,8.542981597014485
SM,Null iteration 856,201630,56.196454278147186,1,4,1.9939839733242102,1,8.544220943694535
SM,Null iteration 857,201630,56.13868104829899,1,4,1.9939815640223777,1,8.544580872011085
SM,Null iteration 858,201630,56.458329756782376,1,4,1.994020112851698,1,8.543195916169541
SM,Null iteration 859,201630,56.675443984915134,1,4,1.9939719268150475,1,8.543734344429836
SM,Null iteration 860,201630,57.05987801202261,1,4,1.9940008384370378,1,8.543630970945957
SM,Null iteration 861,201630,56.81733392801823,1,4,1.9939767454187125,1,8.543122791592417
SM,Null iteration 862,201630,57.264319539769915,1,4,1.9940056570407028,1,8.54253703109716
SM,Null iteration 863,201630,56.60825333620237,1,4,1.9939815640223777,1,8.544098156679055
SM,Null iteration 864,201630,56.48022907949037,1,4,1.9939984291352053,1,8.543917695602225
SM,Null iteration 865,201630,56.65784947324536,1,4,1.9939767454187125,1,8.543054182228202
SM,Null iteration 866,201630,56.75191947989019,1,4,1.9939767454187125,1,8.543948947534412
SM,Null iteration 867,201630,56.80312740845967,1,4,1.9940032477388703,1,8.543215879950559
SM,Null iteration 868,201630,56.13149316104382,1,4,1.99397433611688,1,8.544814702060224
SM,Null iteration 869,201630,56.73780882359998,1,4,1.9939863826260427,1,8.543586821794186
SM,Null iteration 870,201630,56.5993905418637,1,4,1.9940056570407028,1,8.544267381776818
SM,Null iteration 871,201630,56.86626314487017,1,4,1.9940080663425352,1,8.543226864054978
SM,Null iteration 872,201630,56.99404113999505,1,4,1.99397433611688,1,8.542851012382433
SM,Null iteration 873,201630,56.84752156742821,1,4,1.9939767454187125,1,8.543102458054568
SM,Null iteration 874,201630,56.51823000966314,1,4,1.993979154720545,1,8.54407099074768
SM,Null iteration 875,201630,56.62130623245515,1,4,1.9940321593608603,1,8.543563173781756
SM,Null iteration 876,201630,57.05688810982797,1,4,1.9939719268150475,1,8.54377071578938
SM,Null iteration 877,201630,56.29532633833024,1,4,1.993979154720545,1,8.544124148691587
SM,Null iteration 878,201630,56.526188047036236,1,4,1.99396469890955,1,8.543731266530221
SM,Null iteration 879,201630,56.881289540081994,1,4,1.993979154720545,1,8.543393147517405
SM,Null iteration 880,201630,55.689172035870826,1,4,1.99396469890955,1,8.544443382709204
SM,Null iteration 881,201630,56.38238766238219,1,4,1.9940128849462002,1,8.543923411933756
SM,Null iteration 882,201630,56.748684988183264,1,4,1.993969517513215,1,8.543674145188485
SM,Null iteration 883,201630,57.043165233685826,1,4,1.9940104756443677,1,8.54315607401761
SM,Null iteration 884,201630,56.3848129882104,1,4,1.9940417965681905,1,8.543593753038271
SM,Null iteration 885,201630,56.85272056716667,1,4,1.9940177035498654,1,8.543434700002166
SM,Null iteration 886,201630,56.2233077263719,1,4,1.9939815640223777,1,8.543989103298712
SM,Null iteration 887,201630,56.83454591718464,1,4,1.9939960198333726,1,8.543442533088461
SM,Null iteration 888,201630,56.78073492429595,1,4,1.9939887919278751,1,8.543410248346365
SM,Null iteration 889,201630,56.434887109048915,1,4,1.99397433611688,1,8.544082816722618
SM,Null iteration 890,201630,56.682647832623694,1,4,1.9940080663425352,1,8.54349720778287
SM,Null iteration 891,201630,56.69111922204824,1,4,1.9939671082113826,1,8.544048041042277
SM,Null iteration 892,201630,57.12002505528638,1,4,1.9939960198333726,1,8.54316978068384
SM,Null iteration 893,201630,56.4830059719952,1,4,1.99396469890955,1,8.544454659286188
SM,Null iteration 894,201630,56.49197875657255,1,4,1.993979154720545,1,8.544533549166356
SM,Null iteration 895,201630,56.56147064315235,1,4,1.9939960198333726,1,8.543580594512482
SM,Null iteration 896,201630,56.61919802111729,1,4,1.9939863826260427,1,8.543943617338293
SM,Null iteration 897,201630,56.66744170468709,1,4,1.99397433611688,1,8.543748902121672
SM,Null iteration 898,201630,56.63188174262332,1,4,1.9939887919278751,1,8.543737630933437
SM,Null iteration 899,201630,56.68359683935229,1,4,1.9939839733242102,1,8.543240410110922
SM,Null iteration 900,201630,56.822168157094225,1,4,1.99396469890955,1,8.544186113571028
SM,Null iteration 901,201630,56.68815281167853,1,4,1.993969517513215,1,8.544300831495343
SM,Null iteration 902,201630,56.59396916529636,1,4,1.993979154720545,1,8.543027589815653
SM,Null iteration 903,201630,56.688129021901034,1,4,1.9939912012297076,1,8.543635336515004
SM,Null iteration 904,201630,56.5662630723604,1,4,1.9939815640223777,1,8.543964156629578
SM,Null iteration 905,201630,56.77396547196507,1,4,1.9939912012297076,1,8.54388224059235
SM,Null iteration 906,201630,56.732424553538834,1,4,1.9939960198333726,1,8.543827369815377
SM,Null iteration 907,201630,56.9559172331313,1,4,1.9940056570407028,1,8.542711242489203
SM,Null iteration 908,201630,56.52243881896534,1,4,1.9939767454187125,1,8.543756217005619
SM,Null iteration 909,201630,56.692668986022625,1,4,1.9939839733242102,1,8.543560585440598
SM,Null iteration 910,201630,55.85576639258578,1,4,1.9939671082113826,1,8.54468240632878
SM,Null iteration 911,201630,56.578312669035455,1,4,1.9940128849462002,1,8.543529293840413
SM,Null iteration 912,201630,56.40493353349859,1,4,1.9940128849462002,1,8.543981599313392
SM,Null iteration 913,201630,56.58898617807612,1,4,1.9940056570407028,1,8.543616340821902
SM,Null iteration 914,201630,56.637710534844075,1,4,1.9939767454187125,1,8.543770250010573
SM,Null iteration 915,201630,56.57281873921788,1,4,1.99397433611688,1,8.544199953075596
SM,Null iteration 916,201630,56.463870110284454,1,4,1.99397433611688,1,8.543681053856966
SM,Null iteration 917,201630,57.090735174417404,1,4,1.9939887919278751,1,8.542951269864762
SM,Null iteration 918,201630,56.549079726162475,1,4,1.99397433611688,1,8.544249092771897
SM,Null iteration 919,201630,56.7897405924752,1,4,1.993979154720545,1,8.543991451020604
SM,Null iteration 920,201630,56.77357660601929,1,4,1.9939912012297076,1,8.54403781679359
SM,Null iteration 921,201630,56.2726625095589,1,4,1.9940056570407028,1,8.543629743040178
SM,Null iteration 922,201630,56.812294346362506,1,4,1.9939671082113826,1,8.543714867565539
SM,Null iteration 923,201630,56.970954790559915,1,4,1.9939936105315401,1,8.54317753581408
SM,Null iteration 924,201630,56.96445017255809,1,4,1.9939912012297076,1,8.543259113776939
SM,Null iteration 925,201630,56.71867630408567,1,4,1.993979154720545,1,8.543805840507815
SM,Null iteration 926,201630,56.839901096662445,1,4,1.9939839733242102,1,8.543336831770342
SM,Null iteration 927,201630,56.677805956197815,1,4,1.993979154720545,1,8.543645202811096
SM,Null iteration 928,201630,56.78352778121317,1,4,1.9939671082113826,1,8.543593796012159
SM,Null iteration 929,201630,56.646580790459446,1,4,1.9939815640223777,1,8.543329679531054
SM,Null iteration 930,201630,56.60891652968681,1,4,1.9939863826260427,1,8.544095554596563
SM,Null iteration 931,201630,56.70069586031157,1,4,1.9939767454187125,1,8.543226049607014
SM,Null iteration 932,201630,56.06635821210952,1,4,1.9939887919278751,1,8.543771217591887
SM,Null iteration 933,201630,56.01001414711449,1,4,1.9939863826260427,1,8.544289552126232
SM,Null iteration 934,201630,57.15821808538854,1,4,1.9939936105315401,1,8.542996706209596
SM,Null iteration 935,201630,56.57926417423755,1,4,1.993969517513215,1,8.544075206911103
SM,Null iteration 936,201630,56.43979248714565,1,4,1.9939815640223777,1,8.544319183973535
SM,Null iteration 937,201630,56.278899423099006,1,4,1.9939767454187125,1,8.544320568230631
SM,Null iteration 938,201630,55.94270890307621,1,4,1.9939719268150475,1,8.544293355022619
SM,Null iteration 939,201630,56.982918041837024,1,4,1.9940827546993432,1,8.543600730305151
SM,Null iteration 940,201630,56.810982040541575,1,4,1.9939960198333726,1,8.543415434103904
SM,Null iteration 941,201630,56.67447474253175,1,4,1.9939767454187125,1,8.543811086943041
SM,Null iteration 942,201630,56.21391331340053,1,4,1.9939815640223777,1,8.544035964939171
SM,Null iteration 943,201630,56.49049220628602,1,4,1.993979154720545,1,8.544165370968537
SM,Null iteration 944,201630,57.13081492975283,1,4,1.9939839733242102,1,8.543184999253778
SM,Null iteration 945,201630,56.14799307363636,1,4,1.9939767454187125,1,8.544748861316215
SM,Null iteration 946,201630,56.970526500358375,1,4,1.9940056570407028,1,8.5434592445813
SM,Null iteration 947,201630,57.039673706588985,1,4,1.9939887919278751,1,8.543734535978137
SM,Null iteration 948,201630,56.62893409156723,1,4,1.9939887919278751,1,8.544253374745274
SM,Null iteration 949,201630,56.29599305433999,1,4,1.9939912012297076,1,8.543963563489713
SM,Null iteration 950,201630,56.63439963148424,1,4,1.9939863826260427,1,8.544250682980433
SM,Null iteration 951,201630,56.912279634330744,1,4,1.9940056570407028,1,8.543668874493667
SM,Null iteration 952,201630,56.38568177428577,1,4,1.9939936105315401,1,8.543749739103472
SM,Null iteration 953,201630,56.40659820564237,1,4,1.993979154720545,1,8.543924117576337
SM,Null iteration 954,201630,56.7247046165086,1,4,1.9939887919278751,1,8.54340868687076
SM,Null iteration 955,201630,56.91573347149074,1,4,1.9939719268150475,1,8.543927908773941
SM,Null iteration 956,201630,56.65162580903356,1,4,1.9940008384370378,1,8.543585992197121
SM,Null iteration 957,201630,56.550886057088036,1,4,1.9939719268150475,1,8.54337779438313
SM,Null iteration 958,201630,56.70837486616392,1,4,1.993969517513215,1,8.543647674209389
SM,Null iteration 959,201630,55.98852255448055,1,4,1.9939671082113826,1,8.54369743775846
SM,Null iteration 960,201630,56.951960618356544,1,4,1.9939912012297076,1,8.5433248596832
SM,Null iteration 961,201630,56.49866305690333,1,4,1.993979154720545,1,8.54423577279344
SM,Null iteration 962,201630,56.38755616023378,1,4,1.9940080663425352,1,8.543604540881775
SM,Null iteration 963,201630,56.64188692763069,1,4,1.9939839733242102,1,8.543879837809076
SM,Null iteration 964,201630,56.819364442252436,1,4,1.9939719268150475,1,8.543597920646667
SM,Null iteration 965,201630,56.986684050351215,1,4,1.99397433611688,1,8.54370870695328
SM,Null iteration 966,201630,56.564898895304495,1,4,1.9939815640223777,1,8.54379775971485
SM,Null iteration 967,201630,56.845796863777586,1,4,1.9939887919278751,1,8.543516188296081
SM,Null iteration 968,201630,56.617752007345345,1,4,1.9939863826260427,1,8.54354875697885
SM,Null iteration 969,201630,57.097200076837694,1,4,1.993979154720545,1,8.543741064084145
SM,Null iteration 970,201630,56.395166579997195,1,4,1.99397433611688,1,8.544070476159321
SM,Null iteration 971,201630,56.637607406771096,1,4,1.9940008384370378,1,8.54402195856013
SM,Null iteration 972,201630,57.177981234311716,1,4,1.9940008384370378,1,8.543170688173868
SM,Null iteration 973,201630,56.036901623938434,1,4,1.9939671082113826,1,8.544463363702206
SM,Null iteration 974,201630,56.543657445158715,1,4,1.99397433611688,1,8.543564495284471
SM,Null iteration 975,201630,56.60673282934039,1,4,1.9940032477388703,1,8.543941704717783
SM,Null iteration 976,201630,56.73834493965672,1,4,1.9939960198333726,1,8.543883658988596
SM,Null iteration 977,201630,56.55061738674973,1,4,1.9939912012297076,1,8.544050806185366
SM,Null iteration 978,201630,56.63806996292854,1,4,1.9940032477388703,1,8.543820494712302
SM,Null iteration 979,201630,56.16745985919526,1,4,1.99396469890955,1,8.544086722307707
SM,Null iteration 980,201630,56.19122624181486,1,4,1.993979154720545,1,8.543738276861829
SM,Null iteration 981,201630,56.90966775212912,1,4,1.9939984291352053,1,8.543171158925633
SM,Null iteration 982,201630,56.46098388253865,1,4,1.99396469890955,1,8.543769020733238
SM,Null iteration 983,201630,56.3832580957535,1,4,1.9939936105315401,1,8.544182394139293
SM,Null iteration 984,201630,56.85418296206933,1,4,1.99397433611688,1,8.544026482562865
SM,Null iteration 985,201630,56.351637810820264,1,4,1.993979154720545,1,8.543892352777304
SM,Null iteration 986,201630,56.74446066051935,1,4,1.993979154720545,1,8.543964214617931
SM,Null iteration 987,201630,56.733277247043844,1,4,1.9939863826260427,1,8.543269141100955
SM,Null iteration 988,201630,56.84289941454129,1,4,1.993979154720545,1,8.543584340219592
SM,Null iteration 989,201630,56.67476042440566,1,4,1.9939863826260427,1,8.543477225104885
SM,Null iteration 990,201630,56.575826207914545,1,4,1.9939671082113826,1,8.543753211429001
SM,Null iteration 991,201630,57.03829569021124,1,4,1.9940225221535304,1,8.543139915773718
SM,Null iteration 992,201630,56.68918598844233,1,4,1.99397433611688,1,8.5440993370769
SM,Null iteration 993,201630,56.57304769101343,1,4,1.9939767454187125,1,8.543901863813632
SM,Null iteration 994,201630,56.14836362120614,1,4,1.9939839733242102,1,8.543881700933753
SM,Null iteration 995,201630,56.732487570093795,1,4,1.9939815640223777,1,8.543120270566904
SM,Null iteration 996,201630,56.60322807787914,1,4,1.99396469890955,1,8.544119468371601
SM,Null iteration 997,201630,56.91220613719765,1,4,1.9939887919278751,1,8.543586030947424
SM,Null iteration 998,201630,56.56518794013387,1,4,1.993979154720545,1,8.543914804807216
SM,Null iteration 999,201630,56.51225996668272,1,4,1.9939936105315401,1,8.5435769099783
SM,Null iteration 1000,201630,56.18314713104845,1,4,1.993979154720545,1,8.543885162164342
